Employee ID,1.     I know what is expected of me at work,2.     I have the materials and equipment I need to do my work right,"3.     At work, I have the opportunity to do what I do best every day","4.     In the last seven days, I have received recognition or praise for doing good work","5.     My supervisor, or someone at work, seems to care about me as a person",6.     There is someone at work who encourages my development,"7.     At work, my opinions seem to count",8.     The mission/ purpose of my company makes me feel that my job is important,9.     My co-workers are committed to doing quality work,1.10. . I feel excited to come to work every day
1545,5,2,3,4,6,4,3,3,5,8
1643,10,10,10,10,10,10,8,10,10,10
3434,10,10,10,10,10,9,8,10,10,10
187,10,4,10,3,3,9,1,2,9,3
778,10,10,10,10,10,10,8,10,10,10
536,9,8,10,8,9,9,8,9,10,10
3705,10,10,10,10,10,10,10,10,10,10
1295,8,5,9,10,6,6,2,7,1,5
3398,10,10,10,10,10,10,8,10,10,10
1301,10,10,10,10,10,10,8,10,10,10
1017,9,10,8,9,10,10,8,10,9,9
3823,10,10,9,10,10,9,9,10,10,10
2,9,8,9,9,9,9,9,9,9,9
675,8,7,6,9,7,10,7,8,9,9
1705,7,4,9,10,6,9,6,7,9,7
783,10,9,10,10,10,10,8,10,10,10
10,9,7,7,9,7,8,4,5,8,7
30,6,5,6,9,8,9,4,6,8,6
3461,9,9,10,8,9,8,8,9,9,10
1041,10,10,10,10,10,10,8,10,10,10
3684,10,10,9,9,10,9,9,10,9,10
3535,10,10,9,9,9,9,8,9,9,10
3981,10,10,10,10,10,10,10,10,10,10
3742,10,10,10,10,10,10,10,10,10,10
3616,10,10,10,10,10,10,10,10,10,10
3148,10,9,9,9,9,10,9,10,9,10
1344,8,7,8,9,5,10,4,5,6,7
3534,10,10,10,10,10,10,8,10,10,10
34,7,5,9,9,7,7,6,5,7,7
1565,10,6,7,9,5,6,5,5,9,10
3718,10,10,9,9,10,9,10,10,10,10
177,9,8,10,10,10,9,8,10,10,10
36,9,4,9,6,9,9,7,7,8,9
926,10,7,10,10,8,7,7,7,8,10
1997,10,7,8,8,8,9,9,9,10,10
3428,10,10,10,10,10,10,8,10,10,10
445,10,7,7,10,8,8,8,10,10,10
2204,9,8,10,10,9,9,9,10,10,10
1462,10,10,10,9,10,10,8,10,10,10
3490,7,9,9,9,6,8,8,5,8,7
1685,10,7,9,9,7,10,8,8,8,9
1504,10,6,7,8,10,8,8,7,8,9
38,7,6,8,9,7,8,9,9,8,9
730,9,7,8,10,8,7,8,9,8,10
3331,9,8,9,9,10,9,8,10,10,10
18,7,7,7,7,7,7,7,7,7,7
3958,10,9,10,10,10,10,9,9,9,9
41,5,3,8,7,7,7,6,5,5,7
2156,8,2,7,8,10,10,5,7,7,5
47,6,1,8,5,6,7,6,5,9,7
52,9,8,7,7,7,9,6,9,7,7
2815,8,7,9,10,9,10,8,7,10,8
1130,6,3,8,8,4,4,7,6,8,7
1658,9,8,9,8,9,10,8,7,7,9
53,9,4,8,8,8,9,7,8,9,7
3505,9,9,9,8,10,8,8,8,8,9
61,8,6,7,7,9,8,8,8,8,7
3164,10,10,10,10,10,10,10,10,10,10
529,6,7,6,4,10,9,8,8,5,7
3085,10,10,10,10,10,10,10,10,10,10
2906,10,10,10,10,10,10,10,10,10,10
4002,10,10,10,10,10,10,10,10,10,10
68,6,1,8,7,6,9,4,6,9,7
71,10,1,10,4,2,4,6,7,4,8
606,7,5,7,9,9,10,4,8,6,8
1534,8,3,4,8,4,6,6,3,10,6
79,4,1,9,10,6,6,4,3,6,5
88,6,4,8,6,10,5,5,5,7,6
3341,10,10,10,9,9,10,8,8,9,9
4036,10,10,10,10,10,10,10,10,10,10
98,6,4,7,8,4,5,5,6,7,6
108,7,3,8,9,7,7,7,7,6,9
121,5,3,9,5,5,8,3,7,4,8
3486,8,8,10,8,10,7,8,8,8,9
3752,10,10,9,9,10,9,10,10,10,10
156,5,1,7,8,6,5,4,4,7,9
158,10,1,2,7,10,5,4,3,8,4
922,10,7,7,9,8,10,8,10,8,8
165,10,5,7,7,7,9,8,7,8,9
184,9,4,10,10,10,9,7,7,7,8
567,7,2,6,3,9,3,2,8,6,6
212,7,1,9,6,9,7,5,7,6,10
223,9,3,4,9,8,3,4,5,9,6
2121,8,4,4,6,1,2,6,2,6,8
228,8,5,9,10,9,10,7,9,10,9
2689,10,10,10,10,10,10,10,10,10,10
3685,10,10,10,10,9,9,10,10,10,10
1025,8,7,10,8,10,9,8,9,7,9
2721,7,3,10,4,6,6,2,3,4,7
3329,10,9,10,10,10,10,8,9,9,9
4005,10,10,10,10,10,10,10,10,10,10
1825,10,10,9,10,10,10,9,10,9,10
231,6,1,10,10,10,4,8,5,9,8
269,9,5,7,9,10,10,8,8,8,9
236,10,3,9,10,9,8,7,8,9,8
3836,10,10,10,10,10,10,10,10,10,10
240,5,1,3,5,9,5,1,7,10,10
1062,10,8,10,10,8,10,8,9,9,9
241,7,5,9,8,10,4,7,6,9,6
248,7,1,3,1,4,3,3,2,6,8
1770,9,8,10,10,10,10,8,9,10,9
1213,9,9,9,9,9,10,8,10,10,10
2863,10,10,10,10,9,9,9,10,10,10
2162,8,9,9,10,9,9,9,10,8,10
2859,7,7,9,5,10,6,8,8,6,7
259,9,1,9,8,5,8,2,3,8,5
1072,9,7,10,10,9,8,7,8,8,9
3365,9,8,9,9,9,10,9,8,10,9
4065,10,10,10,10,10,10,10,10,10,10
3008,9,9,9,10,10,10,8,9,9,9
266,9,4,7,6,4,6,6,7,7,7
267,9,5,9,7,8,9,7,6,6,10
3808,8,8,9,8,9,9,7,8,8,10
3485,9,8,8,9,10,9,8,8,8,10
2931,5,5,10,5,8,10,4,4,9,6
1718,10,7,9,10,8,9,8,8,8,10
1204,10,8,8,7,9,9,8,8,10,9
284,9,3,10,8,6,6,7,9,8,10
297,8,3,5,8,7,8,6,8,8,6
340,9,4,9,7,6,7,6,7,10,8
349,6,1,6,9,4,10,6,7,5,5
405,10,3,7,10,10,10,8,4,9,9
636,9,9,9,10,10,9,8,9,9,9
367,10,1,8,7,8,7,8,8,7,9
948,9,7,8,9,9,7,9,7,7,8
372,5,2,6,3,4,5,2,1,7,5
376,8,1,10,8,9,9,6,7,7,9
749,8,9,7,10,9,7,8,9,9,10
1218,5,5,2,6,3,6,3,7,6,9
379,10,1,9,9,8,10,5,6,6,6
383,8,1,10,3,10,8,5,4,8,10
389,8,4,10,9,9,7,6,8,7,7
429,10,7,9,10,10,9,9,9,9,10
432,7,7,6,5,7,6,7,7,8,8
3188,10,10,10,10,10,10,10,10,10,10
1125,8,7,10,9,10,8,8,7,10,10
435,9,1,10,7,9,8,7,8,7,9
923,9,8,10,9,8,10,8,8,8,10
3112,10,10,10,10,10,10,10,10,10,10
458,10,3,8,8,8,8,8,6,9,10
460,10,7,8,9,10,8,8,8,9,9
487,8,5,6,10,10,7,5,6,10,7
4092,9,9,8,10,7,9,8,9,10,10
4072,10,10,10,10,10,10,10,10,10,10
1526,6,7,8,7,8,7,3,6,9,6
944,10,9,9,10,10,9,8,9,10,10
2790,10,8,8,9,7,6,5,7,6,7
493,5,1,3,5,8,4,2,3,5,4
1808,10,10,9,9,10,10,9,9,9,10
2425,9,10,8,9,10,9,10,9,9,9
495,10,1,7,9,9,9,6,8,10,10
401,10,6,10,10,7,10,8,7,10,9
509,10,5,10,9,9,8,7,8,9,10
3250,10,10,10,10,10,10,10,10,10,10
2526,10,10,10,10,10,10,10,10,10,10
510,4,2,4,9,5,9,1,3,4,7
1307,10,8,10,8,8,9,8,9,10,10
1241,9,8,10,9,10,10,8,9,10,9
123,8,6,10,9,10,10,8,9,10,9
511,7,1,10,7,9,9,3,5,9,8
3817,10,10,10,10,10,10,10,10,10,10
3257,10,10,9,9,10,10,10,10,10,10
512,9,3,4,5,8,7,5,6,9,5
514,10,1,10,7,5,10,3,4,9,6
217,8,4,7,8,8,8,8,9,8,7
519,10,2,10,4,4,4,5,8,6,10
1119,10,8,8,10,10,9,8,8,10,10
3242,10,10,9,9,9,10,9,9,10,10
2105,10,10,10,10,10,10,10,10,10,10
3467,9,8,9,8,8,9,8,8,9,9
524,6,5,6,7,8,5,5,7,10,8
1419,10,8,9,9,7,9,7,9,8,10
531,9,2,7,5,4,6,7,9,6,7
988,9,6,8,7,10,10,8,8,8,8
1662,9,9,9,9,9,9,8,9,9,9
91,9,7,10,10,8,10,8,9,10,9
542,8,3,8,10,9,6,8,8,7,7
3517,10,8,10,10,10,9,8,9,10,10
549,9,1,10,9,6,10,6,6,7,7
268,10,9,9,10,10,10,8,10,10,10
2503,10,10,10,10,10,10,10,10,10,10
550,9,7,9,10,8,9,7,9,10,10
3829,10,10,10,10,10,10,10,10,10,10
3814,10,10,10,10,10,10,10,10,10,10
1773,9,7,9,9,10,10,7,9,9,9
1666,9,9,9,8,9,9,8,8,10,9
2327,10,5,5,5,8,5,6,5,8,6
552,8,3,7,6,9,8,6,6,9,7
2745,10,10,9,9,9,9,9,10,9,10
1448,9,7,10,9,10,8,8,8,9,10
556,8,3,7,9,10,8,8,7,9,9
195,9,5,7,9,9,8,9,5,8,7
1039,8,8,6,8,6,6,6,6,9,8
294,10,3,10,6,9,8,6,8,7,9
893,10,7,7,8,10,10,8,9,10,9
2797,10,10,10,10,10,10,10,10,10,10
569,7,4,10,8,2,6,1,5,6,6
574,10,1,10,10,10,10,8,7,9,10
579,8,1,6,6,10,9,6,7,10,10
600,7,1,7,1,4,4,4,7,10,5
133,10,5,7,8,9,8,9,7,8,9
1422,7,4,8,6,5,8,4,6,6,10
618,8,1,9,9,10,9,7,7,8,8
2843,10,10,10,10,9,10,9,9,9,10
2203,10,10,10,10,10,10,10,10,10,10
1061,10,9,10,9,10,10,4,10,7,8
1532,10,9,10,9,9,10,8,8,8,9
2826,8,5,5,10,9,7,5,5,6,9
625,10,7,10,8,8,8,8,9,8,9
1313,9,8,10,9,10,9,9,8,8,10
101,9,8,9,8,8,10,8,9,10,9
1078,10,9,10,9,10,9,8,10,10,10
645,10,1,4,4,9,3,3,2,4,8
947,10,8,9,9,9,9,8,9,10,9
839,10,9,8,10,10,9,8,8,10,9
3648,10,10,9,10,9,10,10,9,9,10
3821,10,10,10,10,10,10,10,10,10,10
648,8,1,7,9,9,7,3,4,8,8
651,9,1,2,3,5,2,6,8,3,10
3818,10,10,10,10,10,10,10,10,10,10
3973,10,10,10,10,10,10,10,10,10,10
653,5,1,3,4,10,10,2,6,7,5
3130,10,10,9,10,9,10,10,9,10,10
659,9,1,8,9,10,8,6,8,8,8
1539,9,9,9,9,8,8,8,8,10,10
679,10,7,10,9,10,9,9,9,10,10
3425,10,5,9,8,8,7,8,7,8,8
3456,10,9,10,9,9,9,8,9,10,10
543,7,5,8,9,9,7,5,5,8,8
669,8,6,9,7,7,9,8,9,9,8
3075,9,4,7,9,6,9,6,5,8,10
1094,9,6,7,8,5,6,5,8,7,7
687,10,1,10,7,7,8,5,6,8,7
161,9,9,9,8,8,8,8,9,9,10
707,10,1,9,6,5,5,7,6,9,7
714,8,3,9,10,8,10,7,7,8,9
3634,10,10,10,10,10,10,10,10,10,10
720,9,1,7,7,7,7,6,7,9,9
2987,10,10,10,10,10,10,10,10,10,10
731,10,3,10,9,10,9,10,9,10,10
754,10,1,9,10,9,10,10,9,10,10
770,8,1,8,9,9,8,8,8,8,8
1263,10,9,10,9,8,6,8,6,7,10
777,10,1,10,7,10,5,8,8,8,10
1904,8,9,10,8,8,10,9,9,9,10
1012,7,7,7,7,7,7,7,7,8,8
3249,10,10,9,10,9,9,10,9,10,10
801,7,1,5,6,5,5,7,9,6,10
806,8,4,9,6,8,9,7,7,9,10
3127,10,10,9,9,9,8,9,8,10,9
811,10,4,9,9,8,10,8,9,10,10
3030,10,10,9,10,9,10,10,10,9,10
1711,10,9,10,8,9,8,8,9,8,10
3356,8,8,10,9,8,8,8,9,10,8
3033,9,7,6,6,4,7,5,8,10,10
502,9,7,9,9,8,9,8,8,9,10
3167,9,9,10,8,9,9,8,10,9,10
816,9,4,7,9,4,4,6,5,6,6
819,8,5,7,7,9,9,9,8,9,9
3962,10,10,8,9,10,10,8,8,10,9
715,9,5,8,8,5,7,6,6,5,10
3464,10,9,10,9,9,10,8,9,10,10
835,9,1,7,9,9,8,7,9,8,9
1254,9,7,8,7,10,9,8,8,10,8
2315,9,9,8,10,9,10,8,9,10,8
3330,10,9,7,7,8,9,6,7,10,9
3354,9,9,9,9,10,10,8,9,9,9
856,10,5,9,8,7,6,6,8,10,7
2126,10,8,9,10,9,6,8,9,7,7
858,9,1,7,9,9,7,7,8,9,8
873,7,1,7,6,5,7,5,6,9,9
1640,9,8,9,10,10,10,8,9,10,10
879,8,1,5,8,6,7,7,5,8,6
2995,9,10,8,10,10,8,9,8,10,9
2921,7,7,7,9,8,10,7,6,9,9
1710,9,9,9,9,9,9,9,9,9,9
2314,10,10,9,8,8,7,9,9,9,8
882,8,4,10,8,7,5,5,4,8,6
2781,9,10,9,9,9,9,9,9,9,9
1508,8,7,10,6,8,9,4,6,9,6
1645,9,7,8,10,9,8,8,8,9,9
885,10,1,10,9,9,10,9,9,9,9
1124,9,8,9,10,9,10,8,9,10,10
3360,9,4,9,4,8,7,8,7,7,10
46,7,7,7,7,9,9,9,9,9,9
904,8,4,9,9,4,4,3,7,4,6
3691,9,10,9,10,8,10,8,9,10,10
911,9,7,8,7,9,7,8,7,7,8
3785,10,7,10,9,9,9,8,8,10,8
1476,9,6,9,4,7,9,4,4,8,9
930,8,1,7,9,4,8,8,7,10,8
939,6,3,3,4,4,6,3,8,7,5
613,10,8,10,8,8,10,8,8,10,10
941,7,1,9,10,10,8,4,8,8,10
3020,8,5,9,9,10,6,7,7,8,9
2892,9,10,9,10,10,10,8,8,10,10
1702,10,8,8,10,8,8,8,9,10,10
183,10,6,9,8,10,9,8,9,9,9
955,7,7,7,5,9,6,6,6,9,10
961,9,3,10,9,8,10,5,6,6,7
2301,8,7,8,5,9,10,9,10,6,7
3271,10,10,10,9,10,10,9,10,10,10
3794,8,10,10,7,8,9,5,8,7,10
967,4,1,9,8,8,9,3,3,3,6
1768,10,6,6,8,9,8,7,9,8,9
984,9,1,9,8,7,8,8,8,7,9
627,5,3,5,5,6,1,3,4,5,6
573,9,7,7,9,8,8,6,8,8,8
423,6,5,6,5,8,8,5,5,6,8
986,8,1,6,7,5,9,6,4,7,7
2265,9,10,8,8,10,8,7,9,10,7
1700,8,6,10,8,7,10,8,7,9,9
989,9,5,9,8,8,9,8,8,8,8
994,9,1,10,4,4,6,5,7,6,7
3402,9,8,10,10,10,10,8,9,10,10
1046,8,1,8,6,8,7,6,6,6,10
2841,9,10,10,9,8,10,8,8,10,10
1051,9,1,9,9,8,8,7,8,9,10
2100,9,10,10,8,10,9,9,9,8,10
498,10,7,10,7,10,7,7,9,9,10
3982,9,10,9,9,9,10,9,9,10,10
1966,10,10,8,10,8,7,9,9,10,9
1066,10,2,9,10,7,8,7,7,10,9
1082,7,7,7,7,7,7,7,7,7,7
1088,10,1,7,6,6,6,6,8,5,10
3491,9,7,8,8,9,9,8,8,9,10
1089,10,3,8,8,8,8,9,8,8,10
1107,6,4,4,10,5,4,4,5,10,9
936,10,6,9,10,10,10,8,10,9,8
1110,10,4,3,6,5,4,4,5,3,5
814,7,3,9,5,10,8,8,10,9,9
1118,8,3,9,5,9,5,7,6,10,8
1120,7,4,5,9,5,5,7,7,8,10
1253,8,6,6,9,7,5,6,7,5,9
263,10,9,7,8,9,8,8,7,10,8
3557,8,10,8,8,9,9,7,8,10,9
741,10,4,9,10,6,7,8,9,8,8
157,7,2,3,6,4,9,2,5,7,7
2576,9,5,6,6,9,10,7,9,8,10
3489,9,7,9,8,9,7,8,9,10,9
4099,10,7,8,9,9,8,8,10,8,9
4046,10,10,10,8,9,10,8,8,9,10
274,8,5,10,8,4,4,8,7,5,9
2213,9,5,6,10,7,10,5,8,9,9
1126,8,4,6,9,6,7,6,7,7,7
1129,9,1,10,7,8,9,7,8,9,9
2856,10,10,9,9,8,10,8,8,9,10
380,9,4,8,10,9,9,8,6,6,8
621,8,8,9,10,10,8,8,7,10,10
249,9,8,10,8,10,8,8,9,8,9
3960,10,10,9,10,9,10,10,10,10,10
1637,6,1,8,8,4,7,8,6,3,6
1145,9,1,9,7,10,9,8,6,7,10
1146,10,3,9,7,10,8,5,5,7,7
1157,8,1,10,9,8,9,9,9,10,9
3137,10,7,10,8,8,8,7,10,8,10
334,8,9,8,7,10,9,8,8,10,9
1160,9,3,8,8,9,7,8,9,10,9
3146,10,10,10,9,9,9,9,10,10,10
425,10,7,8,10,10,9,8,8,10,9
2205,9,8,10,10,7,9,8,7,8,8
1161,10,7,9,9,10,10,8,9,9,10
1165,3,4,10,5,5,5,2,1,8,9
1176,9,7,10,10,8,9,9,9,9,9
2834,8,5,9,7,10,9,6,9,9,9
1184,8,4,9,9,10,7,8,8,8,8
1081,10,9,8,9,10,9,8,8,10,9
3269,10,10,10,10,10,10,10,10,10,10
1186,10,1,7,7,6,6,7,6,8,7
1196,7,1,5,9,6,9,6,5,6,9
1205,8,3,7,5,7,7,6,7,7,7
1209,8,5,8,8,8,8,8,8,8,9
3672,8,7,9,7,10,10,7,9,8,9
757,7,8,10,7,8,9,7,8,8,8
1215,9,4,7,9,4,10,2,7,8,8
1243,8,1,10,8,9,10,8,8,9,8
3367,9,7,8,8,8,9,8,9,10,8
451,10,8,8,8,10,9,6,8,8,9
504,8,5,8,10,7,7,6,9,6,9
3537,7,5,7,7,10,8,6,8,10,10
3747,10,10,10,9,10,10,9,9,9,9
1402,9,9,8,9,10,8,8,8,8,9
1246,6,1,4,4,5,9,4,4,4,6
2414,8,10,6,8,9,10,7,7,10,8
2866,10,9,9,9,10,9,9,9,9,10
1257,8,1,8,7,9,9,7,7,9,9
3513,8,8,7,6,7,6,6,7,10,7
744,10,7,10,9,9,10,6,10,9,10
1285,8,6,10,10,9,9,6,8,9,8
2112,10,10,9,10,9,8,9,9,8,9
1260,7,3,4,8,7,2,1,2,9,3
1268,9,5,8,10,7,9,9,8,9,8
3072,9,10,7,7,7,9,8,9,10,10
1273,9,1,10,10,9,9,9,9,10,9
3693,9,10,9,10,9,10,9,9,10,9
1761,9,7,6,10,9,7,6,6,7,8
3019,10,8,7,9,9,10,7,7,7,9
1276,9,3,10,10,10,9,9,10,9,10
2512,10,10,10,9,9,10,8,7,10,9
1703,10,8,9,9,9,10,6,9,9,10
3401,9,8,10,9,10,9,6,8,9,9
1277,10,5,9,10,8,7,7,8,10,10
2704,10,10,10,10,10,10,10,10,10,10
1290,8,1,7,10,7,9,7,7,8,10
1682,9,7,9,7,7,7,7,7,8,10
769,6,4,7,6,9,6,8,6,10,7
1915,9,8,9,8,10,6,7,6,10,7
1296,9,1,10,5,4,7,3,4,5,7
3459,10,9,10,9,8,10,6,8,9,10
3430,10,9,10,10,8,9,6,8,9,9
2140,10,10,8,8,9,10,8,8,9,9
1418,8,7,9,9,7,9,6,7,10,9
1308,10,7,10,10,10,9,8,9,9,10
1492,10,8,8,8,10,8,6,9,8,9
1319,8,1,5,2,7,7,4,8,6,4
951,10,8,10,8,8,10,6,8,10,9
1324,10,5,7,8,8,7,6,8,10,8
326,9,6,7,10,9,10,6,7,7,9
1809,9,10,10,10,9,8,9,9,10,9
1749,10,9,10,10,9,9,6,9,10,9
745,9,6,7,9,9,9,6,8,10,10
620,10,7,9,10,9,10,8,8,8,10
3789,9,8,8,8,8,8,7,9,8,9
2155,9,10,9,8,9,10,9,9,10,10
842,9,7,7,10,10,9,6,7,7,8
3079,10,9,7,7,10,8,8,10,9,10
1341,7,4,8,6,6,5,8,8,9,8
4091,9,10,9,9,10,9,9,9,9,9
3309,7,5,5,6,7,5,6,6,8,7
1345,7,1,8,6,9,8,8,8,10,10
3763,10,10,8,10,10,9,8,8,9,10
1024,7,5,9,7,9,8,6,6,8,9
1346,9,1,10,10,4,7,6,6,6,10
1347,10,1,9,9,9,7,7,6,10,8
1787,8,9,9,8,9,7,6,8,8,10
1351,10,7,10,10,8,10,8,6,10,9
1363,9,1,4,10,10,7,3,6,10,5
3405,9,7,9,9,9,10,6,10,10,10
4100,10,8,8,9,10,9,7,10,10,9
981,9,6,10,10,7,10,6,7,7,8
1747,10,8,8,10,9,9,6,8,8,10
2027,8,10,7,10,10,9,8,6,7,9
1366,7,7,8,8,6,7,8,7,8,9
505,10,8,10,9,9,10,6,9,10,9
1376,7,7,9,7,10,10,9,8,9,10
1377,8,1,8,8,9,10,7,8,7,8
1040,10,7,9,10,8,8,6,9,8,10
548,9,7,10,9,10,9,6,7,10,10
2256,8,7,7,8,8,7,7,8,9,10
587,9,7,8,8,9,8,7,8,10,8
1577,8,7,2,5,3,7,6,2,3,9
2212,8,7,7,8,10,7,7,7,8,8
146,10,6,8,8,7,7,7,7,10,8
575,10,10,10,10,10,10,10,10,10,10
1901,10,10,9,10,9,10,10,9,10,10
2884,9,10,9,9,9,9,9,9,9,9
2629,8,7,7,9,8,10,7,8,9,10
1378,8,3,8,10,9,10,9,8,9,8
3507,10,7,8,9,9,10,9,8,9,9
1389,9,1,6,7,5,1,5,6,9,5
1392,10,7,9,9,9,10,10,9,10,10
2323,9,10,9,9,10,8,9,9,8,9
1524,9,8,10,8,10,7,7,9,10,8
1394,7,3,7,10,9,9,7,7,6,7
1398,8,5,6,10,8,7,4,5,9,10
622,8,3,5,4,9,4,6,6,8,10
1554,10,8,9,8,9,7,6,9,10,9
1404,9,4,10,7,9,8,9,10,10,8
4012,8,10,10,8,7,8,8,9,9,10
1417,10,1,6,8,7,6,4,6,10,7
3963,10,10,10,10,10,10,10,10,10,10
1423,6,4,10,7,6,7,8,5,7,8
1430,9,1,9,10,10,8,8,8,9,9
1525,10,7,8,10,8,8,9,8,8,10
789,8,6,10,9,7,6,6,7,9,9
3722,10,10,10,9,10,10,9,9,10,10
97,8,6,9,7,9,10,6,8,7,8
1433,10,1,6,2,8,6,5,6,8,6
3620,10,9,10,10,8,8,7,8,10,9
1446,8,1,6,8,8,8,5,7,6,7
2690,7,5,7,8,6,8,5,4,6,5
4040,9,9,10,9,9,9,8,8,10,9
1449,6,3,10,4,7,6,7,4,9,8
1450,10,7,9,10,10,9,9,9,10,10
1458,8,3,9,9,7,7,8,7,10,8
2967,10,9,10,10,10,10,10,10,10,10
513,8,8,8,8,8,8,6,8,8,8
3553,8,9,7,7,9,8,9,8,10,9
1092,10,9,9,10,9,10,9,9,9,10
1459,8,5,9,8,8,9,7,7,9,7
2651,10,9,9,10,9,10,9,9,9,10
594,7,3,9,7,4,4,6,8,6,10
1472,8,3,9,8,10,7,6,7,9,8
1860,10,9,10,9,9,10,9,10,10,10
1486,9,1,7,10,8,10,8,7,8,10
2731,9,9,7,9,7,10,6,10,10,9
1488,8,1,10,9,8,9,7,7,9,8
395,10,8,9,10,9,10,6,10,10,10
545,8,5,9,9,9,7,6,7,6,7
1499,9,1,9,8,7,8,8,6,10,9
2382,10,9,9,10,8,9,8,8,8,10
3279,10,9,8,8,10,10,9,8,8,9
1507,9,5,9,9,9,9,7,7,8,7
3795,8,7,8,10,8,8,7,7,8,9
1509,10,1,8,7,8,8,6,6,10,9
1515,9,2,5,7,7,2,6,9,9,6
2734,10,9,10,9,10,10,8,8,8,10
476,9,6,7,10,8,10,6,8,9,8
2455,10,9,10,10,8,8,8,9,8,10
1102,9,9,9,10,9,8,8,9,8,10
2697,10,9,7,8,8,9,9,10,10,10
962,9,3,9,5,8,5,6,5,10,9
637,9,5,9,8,7,8,6,8,7,9
1516,10,3,9,8,9,9,8,7,10,7
1517,8,1,6,3,9,6,3,8,3,5
393,10,4,8,6,8,8,6,8,10,10
3515,10,9,10,10,10,9,8,10,10,9
1544,8,1,10,9,10,10,5,8,9,7
2956,10,9,9,10,7,7,10,7,10,9
2178,6,6,7,8,6,10,7,7,6,6
2778,9,9,8,9,9,8,9,10,10,9
281,9,6,7,7,10,8,6,8,9,9
790,10,8,8,9,9,8,6,8,8,9
3222,8,6,4,5,10,9,7,6,5,9
518,9,8,7,9,7,9,6,8,9,9
1556,7,1,4,6,10,10,5,4,5,7
864,8,8,9,8,10,8,6,8,8,8
1572,7,4,10,8,7,10,6,9,6,6
3739,9,8,10,8,10,9,7,7,10,9
1574,6,1,9,5,9,4,4,7,6,6
1109,8,7,10,8,10,10,6,8,9,8
1576,10,5,9,6,9,10,5,9,8,10
3724,10,9,8,8,10,9,8,9,8,10
2746,9,9,7,4,9,8,5,7,9,6
3292,7,5,9,10,7,10,6,7,10,6
713,10,8,8,8,10,8,6,8,9,9
3321,9,7,9,10,10,8,6,8,10,8
1326,10,8,8,9,7,10,6,6,7,10
877,9,8,9,9,8,10,6,8,9,9
3347,10,7,10,9,9,10,6,9,9,9
1668,9,7,9,8,9,9,6,8,8,9
1466,8,7,7,8,10,10,6,10,8,10
1578,9,1,6,9,10,8,8,7,7,7
2278,10,5,9,6,6,8,7,6,9,10
3757,10,9,9,8,9,9,8,8,7,8
1579,10,1,3,1,7,7,1,8,7,6
1581,10,5,6,6,7,9,7,5,7,7
1582,10,7,10,9,9,9,7,8,10,10
1585,6,1,8,10,8,9,6,5,6,6
427,10,9,10,9,10,10,8,10,9,9
3098,8,9,8,10,9,8,7,9,9,9
3165,10,9,9,9,9,9,9,9,10,9
1591,10,1,10,10,9,9,9,9,10,10
1604,7,7,6,8,9,7,6,6,10,7
1606,8,1,9,10,9,7,7,8,10,10
1694,9,6,7,9,8,8,6,6,7,7
3263,9,9,9,9,9,9,9,9,9,9
1284,9,8,9,9,9,8,6,8,9,9
997,7,7,9,8,6,6,6,9,9,9
3455,10,8,7,7,7,8,9,9,7,10
614,8,6,8,8,10,8,6,8,10,8
1613,8,4,3,7,9,4,1,4,2,7
264,9,8,8,9,9,9,6,10,10,9
1614,10,2,9,10,10,9,9,7,8,8
1618,9,3,5,10,7,3,5,3,9,8
1625,7,1,6,4,6,6,3,7,5,7
1095,8,8,8,8,8,8,6,8,8,8
1650,8,5,7,7,10,10,8,9,10,10
1653,8,1,7,9,10,10,9,8,9,8
1655,10,2,6,3,8,5,3,8,7,9
2321,10,9,10,10,9,9,9,9,9,10
262,10,6,8,9,9,8,7,7,8,8
2887,9,9,8,8,8,8,8,10,9,9
976,9,7,10,10,8,8,6,7,9,8
2907,6,6,8,9,7,6,6,6,6,9
2642,10,9,10,10,10,10,10,10,10,10
1669,8,1,10,9,9,9,7,7,9,7
1536,9,7,10,10,10,8,6,9,8,9
1948,10,9,9,10,9,10,9,9,10,10
1357,8,8,7,10,7,10,6,7,10,10
3220,10,6,9,9,6,4,4,5,5,9
1138,10,7,8,8,7,7,6,8,8,10
447,8,7,9,8,8,9,6,8,8,8
279,8,8,10,7,9,9,6,8,9,9
251,9,7,9,10,8,9,6,8,7,9
1673,8,1,9,9,8,9,6,6,8,8
2811,9,8,10,8,10,10,8,8,10,9
1679,9,3,10,9,10,9,8,8,10,9
2983,10,9,10,8,9,10,8,8,10,10
3642,10,8,10,10,10,9,9,9,9,10
3415,10,9,8,10,9,10,9,9,9,9
20,6,3,4,6,6,9,7,4,9,5
1684,6,2,6,10,1,3,1,1,5,10
3046,10,8,10,10,10,10,9,9,10,10
2388,10,7,9,10,10,7,7,10,10,8
1692,10,3,10,10,10,9,9,10,9,9
1693,7,1,10,9,10,7,6,7,10,10
1026,9,7,10,9,5,9,6,8,9,9
3260,9,8,9,9,9,9,8,9,9,9
632,10,8,10,9,9,10,6,9,10,9
1708,9,1,9,10,3,10,4,4,8,6
1715,7,3,9,8,7,6,7,8,9,9
2419,10,8,9,9,10,9,9,10,10,10
776,8,8,7,10,10,8,6,10,10,10
1611,10,5,8,10,9,9,6,8,10,10
1720,10,5,10,6,6,8,7,8,9,10
2729,10,8,9,9,9,9,10,9,10,10
397,10,5,9,5,7,8,4,6,9,7
3770,10,8,9,9,10,9,9,9,10,10
1687,9,9,9,9,9,10,9,10,9,10
1104,9,5,7,9,8,6,6,6,8,8
3275,9,8,10,6,6,5,8,6,8,7
615,2,3,7,4,8,10,1,3,8,8
1322,9,7,10,9,10,9,6,8,10,10
1724,10,7,9,10,9,10,9,9,9,10
1732,9,8,8,8,9,8,6,8,9,9
1726,8,2,5,5,7,9,3,6,7,9
1211,10,7,10,10,7,10,6,8,9,9
850,9,8,7,7,9,9,6,7,7,8
1727,10,3,10,6,6,10,8,7,9,7
1733,7,1,7,7,7,9,7,8,8,9
1734,8,1,8,9,7,9,7,9,9,9
3421,10,7,8,10,9,8,6,10,8,10
3355,7,7,6,4,5,9,6,9,5,6
1741,9,1,10,9,10,10,8,10,8,8
1642,9,9,10,8,9,8,6,9,9,10
1748,10,6,10,10,10,10,10,10,10,10
586,9,3,5,4,6,8,5,6,5,5
1755,6,1,9,8,4,6,6,5,9,8
1763,8,4,10,7,7,8,8,7,10,10
1765,9,1,9,8,10,10,4,7,9,7
1772,7,1,5,10,9,6,8,9,8,9
2925,8,8,6,9,5,5,4,5,10,10
1411,8,7,7,8,7,6,6,7,7,7
3022,10,8,10,9,9,10,9,9,9,10
1971,10,8,10,10,10,10,10,10,10,10
2648,9,8,10,10,10,10,9,10,10,9
3101,10,8,10,9,9,9,9,9,10,9
927,9,6,9,8,9,10,8,9,10,10
656,8,6,7,9,9,9,6,8,9,9
1784,10,5,10,8,9,10,8,8,9,8
72,9,5,9,6,6,9,6,7,7,7
1786,9,7,9,9,9,9,9,9,10,10
1799,8,5,7,9,7,7,7,7,7,10
3290,8,7,5,6,7,10,6,10,8,9
1812,7,6,7,8,7,8,7,7,9,8
1412,8,8,9,9,8,8,6,9,9,10
2289,10,8,9,9,10,10,9,9,9,10
1818,8,8,8,10,9,7,8,7,10,9
1819,10,4,7,9,10,7,8,8,8,9
482,9,9,8,9,8,8,6,10,9,10
1824,6,6,6,6,6,6,6,6,6,6
1829,9,4,5,9,2,5,6,1,5,4
1831,10,5,10,7,5,1,5,5,6,7
1848,10,5,5,7,7,6,6,8,10,8
1852,7,4,8,8,6,10,7,8,9,8
1785,10,7,9,10,10,9,6,8,10,10
1855,2,2,3,2,2,5,2,2,2,5
1866,10,8,8,8,9,9,7,8,9,10
48,7,8,7,7,9,7,7,7,7,8
1859,8,5,10,6,6,9,5,6,9,9
462,10,8,10,10,4,10,6,5,5,7
1862,7,2,4,5,9,3,8,6,8,9
1864,9,9,7,7,10,10,9,10,8,9
1871,6,5,7,5,9,6,3,8,10,10
3799,10,8,10,10,10,10,10,10,10,10
1873,10,8,10,10,10,10,10,10,10,10
148,10,5,8,7,10,7,6,8,8,10
1907,8,5,6,7,5,7,5,6,5,7
1663,10,6,9,9,9,6,7,7,10,7
2604,9,8,7,7,6,7,5,10,9,10
1913,9,8,9,8,7,8,7,7,7,10
1926,9,6,7,10,9,10,6,8,8,10
1927,10,8,10,9,9,10,8,9,9,10
237,10,7,9,7,8,9,6,10,9,8
1932,7,6,10,9,10,6,3,9,8,9
1943,9,8,9,8,8,8,8,9,9,10
4104,7,4,7,6,9,6,6,6,6,9
1944,5,5,7,4,3,8,3,3,4,7
135,10,8,7,8,8,10,6,7,8,8
125,9,6,10,8,8,9,8,9,10,10
239,9,5,8,10,8,9,6,9,7,8
2818,10,8,10,10,10,8,9,8,9,10
2547,10,8,10,9,10,9,8,10,8,10
3999,8,8,10,9,9,7,8,8,8,10
3727,9,8,9,9,10,9,8,9,9,10
1947,9,2,4,9,6,3,5,4,10,7
4085,9,8,9,10,9,9,9,10,10,10
331,8,6,10,10,7,9,6,8,10,10
1421,10,9,10,9,9,9,9,9,10,10
1148,10,8,10,10,10,9,6,9,10,9
1289,6,3,10,10,10,5,4,8,10,10
1967,10,3,7,10,8,7,6,7,10,6
3323,9,8,7,7,9,10,6,7,7,8
3828,9,8,10,9,8,10,7,6,8,9
1968,8,8,8,8,10,10,8,7,7,8
1989,9,8,9,7,8,10,7,7,8,10
1998,10,4,5,7,7,7,9,9,10,7
2804,10,8,10,10,10,10,9,10,10,10
597,10,7,9,9,8,10,6,9,9,10
353,10,7,9,7,7,9,6,7,9,10
2002,8,5,6,7,7,7,7,7,7,9
403,6,4,5,5,9,7,6,6,10,6
2003,8,6,9,10,6,10,7,7,9,7
2005,10,7,7,8,8,8,6,7,8,8
382,9,9,10,10,10,8,6,8,9,9
2008,8,5,7,9,9,7,8,10,8,9
2144,9,8,10,10,10,10,8,9,9,9
4033,10,8,10,10,10,10,10,10,10,10
3408,10,10,10,10,10,10,10,10,10,10
2474,9,8,9,9,10,10,9,8,10,10
3650,7,8,9,10,10,7,9,7,6,9
2024,7,5,9,7,8,5,5,8,10,8
2847,10,8,8,9,9,10,9,9,8,9
428,9,4,10,10,7,9,6,7,9,7
3748,10,9,10,9,10,10,9,9,10,10
3067,8,8,7,6,9,6,8,8,10,7
2077,8,8,9,8,8,10,8,8,9,10
2034,7,3,9,10,7,4,3,9,9,7
584,8,7,8,8,8,8,6,9,10,10
3212,9,7,7,10,7,9,8,7,8,9
3288,10,8,9,10,9,10,6,9,9,9
726,9,8,5,9,6,6,2,3,7,7
3318,10,7,7,9,10,9,6,9,9,9
1849,8,8,7,9,9,8,8,7,10,10
3536,8,8,9,9,8,9,6,9,8,9
530,9,8,10,10,9,9,6,9,10,9
2039,9,5,7,10,10,8,5,6,9,9
3014,9,8,8,10,9,10,8,7,7,10
2068,9,7,10,10,7,10,6,7,9,8
2071,9,3,8,10,5,5,4,6,10,9
2194,7,2,4,6,8,7,8,7,9,6
2080,8,8,9,7,7,7,8,8,9,10
2094,10,4,7,6,9,6,7,7,7,10
2782,10,8,9,8,10,8,9,9,9,9
2106,9,7,9,9,7,8,6,9,10,8
220,8,5,8,8,7,9,6,8,7,8
772,6,8,5,10,8,9,6,8,8,6
2715,9,8,7,8,6,10,8,7,10,10
797,9,7,7,8,7,9,8,7,8,9
3239,7,8,5,10,10,5,5,8,7,8
1712,8,7,10,8,8,9,6,7,8,9
2119,9,5,6,9,6,8,7,7,6,7
2171,9,8,10,10,10,8,8,9,9,10
2122,9,9,9,10,10,10,9,9,8,9
2123,9,4,9,9,10,10,9,9,9,10
2128,9,9,8,10,9,10,9,8,8,9
1150,7,6,9,6,6,6,6,6,8,7
693,9,7,7,7,8,9,6,8,8,10
1035,8,7,10,6,9,7,6,8,7,9
3064,8,8,7,8,8,10,8,7,10,9
2141,7,4,6,6,9,8,5,10,8,9
2154,7,4,8,3,5,4,5,2,2,7
2158,9,2,5,6,6,8,5,6,7,7
2160,8,8,9,9,9,10,7,8,9,10
1070,10,7,7,7,9,10,8,8,9,10
3465,9,8,8,9,8,9,6,10,10,10
2798,10,8,8,8,8,8,8,8,8,9
2172,10,4,3,4,9,7,3,5,6,9
2997,7,8,6,9,6,10,8,6,8,10
1758,9,8,8,9,9,10,6,7,8,6
3462,9,8,7,7,8,9,6,7,8,8
2586,8,8,9,9,8,8,8,8,9,9
2176,6,2,6,7,8,4,2,4,9,10
3585,9,5,7,6,9,5,4,8,8,10
1080,7,8,10,10,7,8,5,8,7,9
420,8,6,7,7,9,10,7,8,10,8
2407,8,8,9,10,6,8,7,6,7,10
2138,10,8,9,8,8,9,8,8,10,9
2179,9,4,9,10,10,10,9,9,10,9
566,10,3,7,8,8,8,7,5,6,9
576,8,6,8,10,7,8,7,8,8,8
532,6,3,9,5,7,4,7,6,9,9
871,8,8,9,8,10,8,7,9,8,9
1489,10,7,9,9,9,10,8,8,9,10
2161,9,8,6,10,7,9,6,10,7,9
2186,10,8,10,10,10,10,10,10,10,10
2091,8,8,10,10,9,9,8,9,8,9
3753,9,8,9,6,7,10,8,10,9,9
2191,10,8,10,8,10,9,8,9,9,10
4049,9,8,10,8,10,9,8,10,9,10
3978,10,8,5,6,7,9,5,6,6,6
2560,9,7,10,8,9,10,9,8,10,10
1909,9,8,8,9,10,6,6,8,7,8
2971,10,8,8,8,10,9,8,9,9,9
2192,8,6,7,10,9,7,7,8,9,8
3649,8,8,9,10,9,10,9,10,9,10
796,7,6,8,6,6,9,7,6,8,10
958,10,7,3,6,3,2,7,6,6,10
1455,10,7,8,8,9,8,7,8,8,10
1548,9,6,9,9,8,7,7,8,9,10
2638,10,8,10,9,6,10,8,7,7,10
178,10,4,7,6,8,7,7,8,9,8
1282,8,3,7,7,5,5,7,5,10,9
1447,8,1,5,2,7,4,8,9,10,9
1594,10,7,8,8,10,8,7,7,9,10
2010,8,8,7,9,8,6,6,6,8,9
1627,9,6,8,10,10,6,7,8,8,9
247,8,8,10,9,9,10,7,8,8,10
2482,8,8,8,8,8,8,8,8,8,8
1391,10,8,10,9,7,8,7,6,6,9
2227,8,7,10,8,10,8,8,7,9,9
2290,8,8,8,9,8,9,8,10,9,10
2231,10,5,9,8,10,9,8,8,8,9
2233,8,4,10,10,9,10,8,8,9,10
1287,8,6,10,7,7,7,7,7,9,9
1074,9,6,8,9,9,8,7,7,8,9
3362,10,9,9,7,8,10,7,8,8,8
3572,10,8,10,9,9,9,8,9,10,10
2014,10,8,9,9,9,9,9,9,10,10
1048,9,5,7,9,7,8,7,7,7,8
186,6,6,6,10,10,9,7,4,6,10
3506,10,7,7,10,7,8,7,6,8,8
3580,10,9,9,7,7,9,6,6,9,9
3833,9,8,10,10,10,8,9,9,9,8
2032,10,6,8,10,9,7,6,7,10,10
2125,8,7,10,9,8,6,8,8,7,8
2235,8,7,7,10,7,7,7,8,7,9
1961,8,8,7,8,10,10,6,9,8,6
815,9,9,10,7,10,8,7,7,7,9
2584,8,8,7,7,5,10,4,6,10,8
2238,9,5,8,7,8,10,8,8,10,9
3032,8,8,7,8,9,6,6,10,8,8
3410,10,6,7,7,8,7,7,10,9,8
3588,7,6,7,5,5,10,6,7,10,9
1487,7,5,7,9,8,7,7,7,7,8
2240,8,7,8,9,8,9,8,8,8,10
4073,10,8,9,10,10,9,8,9,10,10
4035,8,8,9,7,7,7,7,7,8,8
4060,8,8,5,6,10,6,7,9,9,7
2055,10,8,10,10,9,10,9,10,9,10
2242,9,8,8,10,9,9,9,9,9,9
2257,10,2,5,4,9,4,6,7,6,8
1840,10,7,10,8,9,9,8,9,10,9
3783,10,8,8,8,8,8,8,9,9,10
2274,6,3,5,7,3,8,3,7,10,6
2610,8,8,10,8,8,8,9,7,7,10
2904,10,8,6,8,8,8,7,7,8,9
2275,8,6,8,10,9,9,7,7,10,10
2206,9,8,10,8,10,10,8,8,10,8
2280,9,7,8,6,9,10,7,6,8,10
2281,10,6,7,9,10,9,6,8,10,8
840,8,7,9,9,6,7,7,6,10,7
1823,9,8,9,7,10,10,8,7,9,10
2285,9,6,9,9,9,9,9,9,9,10
1528,10,9,9,10,9,9,7,10,9,10
2755,9,6,9,8,9,10,8,7,9,8
2343,7,8,5,9,6,9,4,8,8,7
112,7,8,8,8,6,9,7,7,9,8
3411,10,10,10,10,10,10,10,10,10,10
2420,10,8,9,9,9,8,7,7,10,9
2361,9,8,10,9,10,9,9,10,10,10
683,9,7,10,9,10,10,7,8,9,9
2288,6,6,4,10,9,4,5,6,10,6
943,7,1,3,7,7,9,7,3,6,6
104,9,5,7,9,6,7,7,6,7,6
2298,9,8,7,8,10,9,8,7,10,10
4061,10,8,10,9,9,9,9,9,9,9
2302,8,8,9,9,7,7,8,8,10,10
546,10,5,9,6,7,7,7,8,8,9
774,8,5,9,10,6,6,7,6,7,9
2531,9,8,9,8,8,8,7,8,9,10
2318,9,6,8,9,8,6,6,7,9,10
2333,9,6,7,10,8,9,6,9,8,8
2345,10,8,6,7,6,6,8,6,10,8
2347,9,5,10,6,9,9,6,6,8,9
2348,9,6,10,10,9,9,8,9,9,10
2349,10,7,9,8,10,8,9,8,10,10
2996,10,10,10,10,10,10,10,10,10,10
2350,10,7,9,9,10,8,9,9,9,9
2322,10,8,10,10,10,9,8,8,9,8
2758,9,7,8,8,10,7,5,8,8,7
2421,9,8,10,8,9,8,8,8,10,10
2352,6,2,7,4,4,10,7,8,6,6
2353,9,4,8,8,9,10,8,8,8,8
2356,9,9,9,9,9,9,9,9,9,9
686,8,7,8,9,8,7,7,7,7,8
400,7,7,5,8,7,6,7,7,8,7
892,10,2,8,7,9,5,7,4,5,6
1644,8,6,10,10,7,10,7,7,7,7
2357,7,5,9,6,8,6,7,6,8,10
2637,8,8,8,8,8,8,8,8,8,8
957,7,4,7,9,9,10,9,7,10,10
2359,8,6,7,8,6,7,8,8,10,10
2363,9,5,8,8,8,8,5,6,8,6
2375,10,5,6,8,9,8,6,7,9,6
2378,10,5,8,8,9,9,8,8,10,10
1706,9,6,8,9,7,9,7,7,8,10
2385,8,2,1,2,9,4,3,1,8,10
2387,7,4,6,7,6,9,9,7,9,10
2389,10,7,10,10,8,9,9,8,10,10
3124,7,8,9,6,9,6,6,4,10,8
2392,9,5,9,10,9,10,7,10,10,9
2401,9,2,9,10,9,4,6,4,7,7
3435,9,7,6,7,6,8,7,7,7,9
946,10,5,6,9,10,6,9,9,7,8
4030,9,8,8,9,8,8,7,9,10,9
3567,8,8,7,8,7,9,8,9,8,10
4054,10,8,9,7,8,10,8,8,9,8
1826,9,8,10,9,9,10,9,8,10,9
2402,8,4,8,8,8,8,8,8,8,8
2936,9,8,9,9,10,10,7,8,7,8
2405,10,7,10,10,10,10,7,9,9,10
2409,8,4,10,9,8,8,7,8,9,10
2417,10,7,10,8,10,9,9,8,8,9
2430,10,8,9,10,8,10,8,9,10,9
2434,9,4,4,3,9,4,5,6,6,9
3109,9,8,10,7,6,10,7,6,7,10
823,7,6,9,8,7,9,8,9,9,10
1639,9,5,6,6,8,8,7,6,10,9
2435,9,5,10,6,7,10,5,8,7,9
2436,10,7,10,9,7,7,8,7,9,8
2439,8,5,7,8,9,10,7,8,10,8
2440,6,2,10,4,6,6,3,8,8,7
1586,9,7,7,10,5,7,7,6,5,8
1071,9,7,10,8,10,7,7,8,8,9
737,10,7,10,9,5,10,7,5,6,10
2108,10,7,7,8,8,7,7,7,8,9
2441,10,8,10,10,10,10,10,10,10,10
2444,10,6,8,9,8,6,7,6,9,7
3734,9,8,10,8,9,9,8,9,10,9
2017,10,8,8,7,8,9,8,7,10,10
583,8,9,8,9,10,10,7,9,9,8
4018,9,8,9,9,10,9,8,10,10,9
928,8,6,9,10,7,7,7,7,8,10
190,10,6,7,6,8,8,7,8,9,10
2447,9,8,8,9,9,9,7,8,10,9
2463,7,2,5,10,10,3,2,6,7,9
2643,10,8,7,8,7,7,7,8,9,9
143,8,7,8,9,10,8,7,7,10,8
2466,7,6,7,10,7,9,7,8,8,8
2470,10,5,8,6,7,6,6,9,7,9
3738,9,8,10,8,9,8,8,7,9,8
201,9,6,8,9,8,10,7,8,7,9
3051,8,8,8,10,8,7,8,8,8,10
2471,9,8,8,10,9,10,9,9,10,9
1265,6,7,8,4,5,10,7,8,9,9
3346,9,8,9,7,7,9,7,7,10,10
2517,9,6,9,9,9,9,9,9,9,9
2518,10,7,7,7,7,8,6,9,7,7
1890,10,6,8,9,9,10,6,6,7,8
1514,10,6,7,9,8,8,7,7,9,7
2244,10,4,4,4,10,9,2,1,2,7
492,7,1,4,4,7,6,7,9,8,10
3723,9,8,9,10,9,10,9,9,9,9
2524,8,4,5,5,4,6,5,7,5,8
3202,9,8,8,10,8,8,8,6,7,10
2525,9,8,7,7,10,8,7,6,7,9
1460,10,8,10,9,8,10,9,9,10,10
1395,9,8,8,7,10,10,7,8,8,10
3084,8,9,9,7,8,8,7,9,8,10
2239,10,8,10,9,9,10,9,9,9,9
3964,9,8,6,9,10,7,7,7,8,10
2529,10,8,10,9,9,10,9,10,10,10
2533,7,1,3,4,10,5,2,2,10,10
2534,8,6,10,7,8,9,8,7,10,9
1916,10,9,10,10,10,9,9,9,9,10
743,9,8,8,8,7,9,7,9,9,8
3544,9,8,6,5,8,8,4,5,10,6
2546,8,6,9,9,7,9,7,7,9,9
1323,10,9,8,8,6,8,7,6,10,9
761,8,8,9,10,7,8,7,6,10,8
3559,9,6,9,6,5,9,5,4,10,6
847,10,8,9,6,6,9,7,9,8,9
200,9,7,9,8,10,8,7,7,9,8
2661,10,8,10,9,9,10,9,9,10,10
2555,8,7,9,8,9,9,7,8,10,10
387,7,7,8,10,9,8,7,7,10,9
129,8,5,6,9,10,6,6,7,7,7
1136,9,7,8,10,9,9,7,9,8,9
1143,8,6,7,9,7,7,7,6,7,8
1384,5,4,1,8,6,2,5,4,4,9
1956,8,8,10,9,7,8,6,7,8,8
544,10,8,9,9,8,7,7,8,9,9
2776,10,8,9,10,10,9,8,10,9,10
1244,8,7,10,9,10,9,7,9,8,10
3185,9,8,8,8,7,10,8,7,10,8
2564,9,4,10,8,10,10,9,8,9,9
2574,10,7,10,10,7,8,9,9,8,10
2581,10,5,9,6,5,5,6,5,6,6
1009,10,7,4,3,6,5,7,10,10,7
1468,9,8,6,7,6,7,7,6,8,9
2380,10,8,10,10,10,9,7,10,9,10
1056,10,6,9,8,6,10,7,6,8,7
2583,10,5,10,8,7,8,7,7,8,9
2612,9,6,10,7,10,10,9,8,10,8
2615,7,6,7,10,6,6,7,8,9,9
439,9,6,7,7,7,9,7,9,8,10
1597,7,6,7,9,8,10,7,6,9,8
2623,7,3,2,10,7,6,4,1,6,7
197,7,8,10,10,6,9,7,7,7,7
2635,10,6,9,8,7,8,5,8,10,7
2636,8,8,8,8,8,8,8,8,8,8
2654,10,8,10,9,10,10,8,10,10,9
2735,7,8,9,5,5,8,8,6,10,10
1538,9,9,10,7,10,9,7,7,7,9
3834,9,8,10,9,10,10,8,9,10,10
193,10,8,9,9,6,6,7,6,10,8
1172,10,6,9,8,10,8,7,9,10,8
2653,8,7,7,7,7,7,7,9,7,8
739,8,5,7,6,7,10,7,7,7,9
3284,10,8,8,8,8,8,9,8,9,9
271,7,6,6,10,8,9,8,6,7,9
2588,8,8,10,9,10,8,9,9,9,9
2663,8,8,9,9,9,7,7,8,9,10
3285,8,8,9,9,7,8,6,8,10,10
2151,10,9,10,10,10,9,9,9,10,10
2702,8,2,2,6,3,5,2,7,6,4
1250,7,6,5,5,8,8,7,7,6,8
160,9,6,8,8,8,5,6,9,7,7
124,3,3,4,5,9,10,1,2,4,2
2264,9,8,10,7,9,10,8,10,9,7
2703,9,6,8,10,10,8,6,8,9,8
2709,8,7,8,9,9,9,7,8,8,9
1315,10,6,9,7,7,10,7,9,8,9
2711,10,8,9,10,8,9,10,10,10,10
3578,10,8,10,9,9,10,8,9,10,9
1535,10,5,9,7,10,6,7,8,7,7
2143,10,8,9,9,9,8,8,8,10,10
2725,7,5,5,9,8,7,6,7,6,8
3837,8,8,5,10,8,7,6,4,7,9
668,10,7,10,9,9,9,7,8,8,9
111,9,8,8,9,7,9,7,7,10,8
7,6,4,8,8,9,6,6,8,8,8
2770,10,1,9,7,1,7,4,5,10,3
2764,9,8,6,7,9,7,8,7,7,9
1171,9,2,5,5,8,2,1,4,5,7
3665,10,8,9,10,10,10,9,9,10,10
2270,10,8,8,9,9,10,8,9,10,8
155,9,8,9,10,8,8,9,8,8,10
2772,10,5,8,7,7,8,5,8,8,10
301,10,8,10,9,9,10,9,9,10,10
2773,10,6,10,9,9,9,8,8,10,9
159,10,8,10,10,9,8,7,7,7,10
1973,8,8,8,10,8,10,7,8,8,8
2774,7,5,6,9,8,10,7,7,8,9
3713,8,8,9,8,8,9,8,8,8,8
3950,9,8,9,10,9,8,8,9,10,10
2480,7,8,6,8,9,10,6,6,8,7
2418,10,8,8,10,10,8,9,8,9,10
2788,9,4,9,9,9,10,9,9,9,9
2796,6,6,9,6,8,5,5,5,7,7
2799,9,5,7,8,8,10,8,9,10,9
2813,8,6,6,8,5,7,5,8,6,9
3597,5,3,10,7,7,4,5,4,9,9
283,10,8,10,10,8,8,7,8,9,10
2943,8,8,8,8,8,6,6,8,7,7
2074,9,6,10,9,9,10,8,7,9,8
2499,8,8,7,7,10,10,8,7,8,8
3237,10,8,10,9,10,8,9,9,9,10
2842,10,2,9,10,8,10,5,4,6,6
2846,10,4,10,7,8,9,9,8,9,10
3551,10,8,9,9,9,10,10,9,9,10
2852,9,5,9,8,6,8,5,7,8,8
2263,9,8,9,9,9,10,8,9,9,9
2857,7,4,7,2,10,2,3,4,6,6
2864,9,8,9,9,8,9,8,9,8,8
3286,9,8,10,6,9,7,7,7,6,9
1055,6,2,8,6,9,5,3,10,6,8
2037,7,7,8,6,8,8,6,6,7,7
280,8,9,10,7,8,8,7,9,9,8
2728,10,9,10,10,10,10,7,8,8,9
2865,9,3,5,6,7,3,7,3,5,7
62,7,8,9,7,9,8,7,8,8,7
2869,9,8,9,7,7,10,7,7,7,9
2167,7,5,6,6,10,5,6,5,10,8
2870,7,3,8,8,5,5,6,9,10,8
1438,7,9,6,5,8,5,7,6,9,9
1759,10,9,10,8,10,10,7,9,10,10
2882,9,7,7,8,3,5,7,8,5,8
3548,9,8,9,9,10,8,9,9,9,10
3657,10,8,9,10,9,10,8,9,10,10
2199,10,7,10,9,10,9,7,8,9,10
2118,6,4,9,5,9,8,5,4,4,6
1128,8,6,7,10,10,7,8,7,8,8
1127,9,4,5,10,8,7,7,5,9,8
3784,10,8,10,10,10,10,9,8,9,9
4050,10,10,10,10,10,10,10,10,10,10
716,10,8,8,9,7,9,7,7,10,8
2883,10,6,9,7,10,10,8,6,8,9
2912,10,4,9,8,7,8,9,7,8,9
663,9,6,6,8,6,9,7,9,8,8
1333,8,9,7,10,8,8,7,7,8,8
1978,9,6,9,10,7,9,8,8,7,9
2075,9,8,9,10,9,10,7,9,10,8
3805,10,8,10,9,10,8,9,9,10,10
968,9,4,10,8,8,7,7,6,9,10
362,5,2,3,3,9,3,8,4,9,5
106,8,7,10,7,10,7,7,7,8,9
1719,10,8,9,8,7,7,7,7,9,8
2913,10,4,8,10,9,7,7,7,8,10
2914,7,1,7,8,3,4,6,2,5,8
2765,10,8,8,8,9,9,7,7,10,9
1963,8,8,8,7,9,6,8,7,10,7
3796,7,8,8,8,8,9,6,7,7,7
3590,10,8,10,8,9,10,8,9,9,9
1114,6,1,8,3,9,6,6,3,9,10
2923,10,4,10,10,8,10,8,7,9,9
2926,10,4,9,9,10,9,9,9,9,10
3364,7,7,8,6,6,9,7,7,6,10
863,9,8,9,7,10,8,7,9,10,9
2928,10,4,10,5,9,8,6,6,5,6
2924,9,8,8,8,10,10,5,7,9,10
2933,9,6,10,9,7,8,6,6,6,9
1962,7,8,6,6,9,8,7,7,8,7
313,8,5,5,5,5,6,7,8,6,7
3206,10,8,9,10,8,9,8,9,9,10
3626,10,8,10,9,8,10,9,8,9,10
3068,9,8,9,8,10,8,8,8,10,8
2699,7,8,9,10,10,9,8,6,9,8
2397,10,8,10,10,9,10,9,9,10,10
3480,8,9,10,7,10,7,7,8,10,9
2945,8,5,7,10,4,4,6,7,10,6
1406,9,8,8,7,6,8,8,7,9,7
2955,9,8,9,10,10,8,9,9,9,10
846,8,5,7,10,10,5,6,5,8,8
3719,10,9,9,9,9,9,9,9,9,10
2958,10,7,6,6,8,6,7,7,8,7
1467,5,6,8,6,7,10,7,7,9,8
929,6,5,8,7,9,6,7,5,5,6
2972,10,8,4,6,5,9,2,8,4,10
3262,7,8,6,8,9,7,8,8,8,8
2691,10,8,10,9,9,10,9,9,10,9
638,9,7,10,8,10,6,7,6,7,9
3198,10,8,6,6,8,7,8,7,10,9
2994,8,7,10,7,10,9,8,7,9,10
3633,10,9,9,9,10,10,9,10,10,10
3000,9,6,10,10,10,9,8,10,10,10
296,10,3,3,4,4,6,7,8,10,5
3002,9,7,8,10,8,8,7,8,9,10
649,8,8,10,10,10,10,7,9,9,8
3442,10,8,9,10,9,10,7,7,10,10
3004,10,4,9,10,10,9,9,9,10,9
2237,7,7,9,10,6,8,6,7,10,8
16,9,7,7,7,6,6,7,6,8,7
3009,10,5,10,9,7,8,9,9,7,8
3012,8,6,8,10,9,7,7,9,10,10
3013,10,8,9,9,10,9,9,9,9,9
3015,10,6,10,7,8,9,6,9,8,8
166,9,3,4,2,3,7,3,4,6,6
1256,10,6,8,7,7,8,7,7,8,8
2488,10,7,10,9,10,7,8,6,8,7
3017,10,7,9,10,10,7,7,9,9,9
1957,9,7,7,8,9,10,5,6,9,9
1660,9,6,10,10,7,7,7,5,7,10
3278,6,7,10,10,7,6,5,5,10,9
2922,9,7,7,6,6,5,7,7,8,9
1180,9,7,7,8,8,8,7,7,7,9
3027,9,6,6,9,4,7,5,8,9,8
794,10,7,9,8,9,10,7,7,7,9
3980,9,9,8,9,8,9,7,9,10,9
3055,9,5,10,7,10,10,8,7,10,8
2451,10,7,6,5,9,3,5,7,4,5
27,7,7,8,7,8,9,8,9,7,9
3563,9,7,9,8,10,8,9,10,10,10
1596,10,6,7,7,9,7,7,8,7,10
1964,9,7,6,10,10,10,7,6,10,7
3061,10,8,10,10,10,10,10,10,10,10
2871,8,7,10,7,9,8,7,7,10,9
35,7,7,8,7,7,7,8,8,9,7
3583,10,7,9,10,10,10,9,8,9,10
2413,10,8,7,9,6,6,8,9,8,10
751,8,6,8,7,9,10,7,8,7,10
1811,8,7,7,8,10,7,9,8,7,10
2742,9,7,9,9,9,8,7,8,10,9
1443,7,5,10,9,10,6,6,6,8,7
1902,10,7,9,8,8,9,8,7,9,9
589,8,7,9,8,9,7,7,8,7,7
1599,10,6,10,7,8,8,7,8,8,9
1439,10,7,7,5,5,10,7,4,8,6
3460,8,5,10,7,8,7,7,9,7,9
2577,8,7,10,10,8,9,7,8,8,7
3479,7,6,5,9,6,7,7,9,8,8
538,7,6,9,8,9,7,7,7,9,7
254,10,7,8,9,10,9,7,9,9,10
1099,7,6,10,7,9,7,7,7,10,8
3216,7,7,7,8,7,10,6,7,8,10
1793,7,3,5,7,10,5,7,5,6,9
480,8,4,8,9,8,7,7,8,9,7
2915,8,7,6,8,7,6,7,5,7,7
3201,10,7,10,10,8,8,9,9,10,10
2844,9,4,10,7,8,8,8,8,7,10
1374,10,8,8,8,10,10,7,9,9,9
3287,9,7,6,9,10,7,7,8,10,10
214,10,5,7,6,9,8,7,6,6,6
3291,9,7,7,9,7,8,7,7,7,9
3750,9,7,10,9,9,10,7,10,8,9
404,9,8,9,6,7,9,7,9,7,10
1689,5,5,6,2,2,4,6,3,5,5
520,7,5,10,7,5,6,7,8,7,6
849,8,7,9,9,7,10,9,10,9,9
258,10,6,10,10,10,7,7,7,8,7
335,9,6,9,9,9,8,7,8,9,10
1381,10,7,9,7,5,5,7,6,7,9
3586,10,7,9,8,9,8,8,10,8,10
1133,9,7,10,8,8,10,7,9,8,10
1646,9,7,9,8,8,8,7,8,8,8
1233,10,7,10,6,8,8,9,8,7,10
1908,8,7,9,9,8,9,8,9,8,8
1258,10,7,9,10,6,8,7,8,7,7
140,10,5,10,10,6,9,7,9,9,10
1590,9,7,10,9,8,10,7,9,9,8
3104,9,7,4,3,10,10,5,5,9,9
867,10,8,10,8,10,9,7,8,9,8
990,8,6,10,9,9,8,7,8,9,8
3562,9,7,10,10,10,10,7,8,8,8
1610,7,7,7,7,6,5,4,4,9,6
1728,8,6,8,8,7,7,7,7,9,8
320,8,7,10,10,8,8,7,7,10,10
2458,9,7,8,10,8,10,8,8,8,8
3975,8,7,9,9,8,8,7,7,9,10
3353,7,8,6,8,10,9,7,6,10,9
276,8,7,8,8,7,8,7,8,7,7
2911,8,7,5,9,7,6,7,8,9,9
411,10,8,7,8,7,9,7,8,8,9
2403,9,7,5,8,7,5,8,9,8,7
3063,8,5,7,9,7,9,7,8,7,7
2730,9,7,8,8,8,10,7,10,8,10
3598,10,7,10,8,10,9,8,8,9,10
672,10,1,4,5,5,7,7,6,9,5
3473,10,7,10,10,8,10,7,8,8,8
3483,10,6,8,10,9,9,7,8,10,9
3066,10,4,8,8,10,10,8,9,10,8
2250,9,7,9,10,9,9,9,9,9,9
4008,9,8,8,8,8,9,8,8,9,9
2153,9,7,8,10,8,9,9,7,10,8
3482,10,9,8,10,9,10,7,9,9,9
571,6,3,4,8,10,5,7,4,6,7
3549,9,7,10,9,10,10,8,10,8,9
2947,9,7,8,7,8,9,8,7,9,8
3169,9,7,8,7,10,8,8,7,9,8
3564,10,7,8,9,9,10,9,9,10,9
363,9,5,6,8,9,8,7,7,6,9
4106,9,7,8,7,7,8,7,7,9,10
3516,10,7,8,10,8,10,8,9,9,9
496,10,7,6,7,10,8,6,9,9,10
4113,8,7,9,7,6,10,6,9,10,10
1166,10,8,8,8,9,10,7,9,8,9
1835,9,7,9,7,8,7,8,8,9,9
2282,10,7,10,10,10,9,7,8,8,9
2853,9,7,10,10,5,5,3,7,7,5
2279,5,5,5,7,3,3,7,7,7,7
682,10,5,7,10,10,9,6,7,9,8
171,9,3,7,10,4,9,6,4,7,8
4032,9,7,9,9,8,9,7,9,10,8
1037,9,2,3,6,10,7,6,7,10,5
3069,10,7,9,10,8,7,7,8,8,9
358,10,6,10,7,6,6,6,8,9,7
1691,6,4,5,4,5,8,6,5,10,7
964,6,6,10,7,8,10,6,7,9,9
199,6,4,7,10,4,4,6,5,9,9
3625,10,6,7,6,10,10,5,7,5,9
1671,8,4,10,10,6,8,6,5,7,9
2751,9,7,8,9,9,8,8,8,10,10
2404,10,7,10,7,6,9,9,9,9,8
3281,9,7,7,10,9,8,7,8,10,9
3336,7,5,9,9,10,6,6,9,8,7
3070,10,8,10,10,10,10,10,10,10,10
2469,6,7,5,7,8,5,4,6,6,7
894,6,5,7,7,7,5,4,5,7,8
3120,9,7,8,8,9,8,7,8,8,9
2795,10,7,10,9,9,7,7,7,10,9
2497,8,7,9,7,9,7,8,7,10,10
795,10,6,8,6,6,9,5,8,10,8
2011,10,7,10,9,9,8,8,8,10,9
2565,10,9,9,9,9,9,9,9,9,9
916,8,7,7,6,5,7,6,9,10,7
979,9,3,9,10,9,9,6,4,10,9
1283,8,4,9,10,8,9,6,7,8,8
2225,7,7,9,9,7,10,7,8,7,8
312,7,6,4,4,8,6,6,4,10,7
2878,9,6,8,7,9,8,8,7,9,10
3231,10,7,4,8,7,9,7,6,9,9
599,9,6,10,3,10,10,6,6,9,8
581,8,8,8,7,10,6,6,8,9,7
945,8,3,9,10,7,6,6,5,7,7
826,10,6,9,8,9,10,6,7,9,9
2998,8,7,7,8,9,9,7,9,9,8
3073,7,5,5,5,5,7,5,9,9,9
252,7,7,9,10,10,7,6,7,6,8
1664,8,8,6,10,8,9,6,7,8,9
1431,9,6,9,8,10,8,7,7,8,8
2875,9,7,10,9,8,9,9,9,10,9
860,9,5,10,9,6,9,6,7,8,8
3629,9,7,8,7,7,7,7,7,9,9
1144,6,5,5,8,10,5,6,8,6,10
377,9,7,10,8,7,10,6,6,9,7
426,7,8,5,10,5,6,6,8,6,10
2489,8,7,6,7,9,5,5,5,9,8
3083,10,8,9,10,8,9,9,9,9,10
2559,9,7,10,8,10,8,6,8,8,8
2573,9,6,7,7,9,7,8,7,7,8
2903,10,7,10,10,8,7,6,8,7,9
3252,8,7,10,10,9,8,8,8,10,8
3122,9,7,10,10,9,10,9,9,10,9
3172,10,7,8,7,8,10,9,10,9,8
2537,10,7,8,10,8,8,7,8,8,8
2594,10,7,10,10,10,10,8,8,8,8
970,8,4,9,8,10,6,6,6,9,8
3403,7,7,9,7,10,7,6,7,7,8
398,8,5,9,10,2,2,5,1,10,4
972,10,8,6,6,8,9,6,6,10,8
516,9,6,7,9,8,7,6,9,7,9
2066,3,3,5,4,6,6,2,5,3,10
213,9,2,10,7,2,5,6,0,8,8
1520,9,5,8,7,10,9,6,7,7,8
3089,9,7,9,7,10,8,7,7,10,8
3093,10,8,7,10,9,8,7,8,9,9
3095,10,9,9,8,9,8,7,9,9,10
3107,8,8,9,8,8,7,6,7,9,8
1101,7,5,6,6,10,7,6,7,10,7
3471,9,7,9,10,8,8,9,10,10,9
3943,9,7,10,8,10,8,8,8,10,10
1420,8,3,6,7,7,5,4,4,6,7
913,9,6,8,7,9,7,6,7,8,10
1892,5,7,10,4,6,8,6,5,9,10
2720,8,7,10,10,4,4,6,6,8,6
2544,10,7,10,8,8,10,7,9,9,9
1621,10,7,5,7,6,10,6,9,6,9
2107,10,6,4,6,9,4,5,5,4,5
2783,7,7,4,6,5,8,5,6,5,9
459,7,6,5,10,8,6,6,7,7,9
2219,7,5,10,6,4,9,5,7,8,10
3488,8,5,6,8,6,9,6,9,8,10
3241,9,4,6,5,9,10,5,8,9,7
2540,9,7,9,8,8,8,8,8,9,9
298,6,6,7,8,7,6,6,5,7,7
2501,8,7,6,10,7,9,7,6,7,10
2667,9,7,10,4,9,4,6,6,5,10
3539,9,5,7,9,10,10,6,8,9,9
333,7,1,3,5,8,5,6,9,3,7
557,5,1,7,6,5,10,6,6,9,5
756,10,2,7,6,8,10,6,9,6,9
22,9,7,6,6,8,8,6,6,7,7
3052,8,7,10,8,8,8,7,8,9,10
2129,10,7,6,10,8,9,9,7,7,9
2578,9,7,7,10,7,7,8,9,8,10
1493,7,6,8,9,7,8,6,7,9,9
2535,10,7,8,8,9,8,6,7,10,9
2423,9,7,10,10,7,10,8,7,9,9
3119,10,5,5,8,8,7,6,8,5,7
969,9,8,7,9,8,7,6,7,10,10
2246,8,7,7,7,10,7,8,7,10,10
639,9,7,9,7,7,9,6,7,7,10
3139,8,6,10,8,9,7,7,8,7,10
12,8,7,9,9,7,8,8,9,8,8
3200,8,7,10,9,8,10,7,8,7,10
3743,8,7,8,10,10,9,7,7,10,10
1505,9,9,7,8,7,9,6,7,10,10
1159,6,2,8,8,6,5,6,7,5,6
3955,8,7,10,7,6,9,7,9,7,9
1856,7,7,9,9,10,7,8,7,7,10
3040,10,7,10,9,8,10,8,8,10,9
3140,7,7,7,8,8,7,6,7,8,7
3839,9,7,9,8,8,9,8,8,9,9
4026,9,7,9,9,8,9,8,9,10,10
2684,9,7,9,7,8,7,5,8,8,10
3333,8,7,9,8,8,10,6,8,8,8
1657,10,1,6,4,6,9,6,3,6,6
1981,10,7,7,8,8,8,7,7,8,8
3775,9,7,8,9,9,9,8,8,10,10
1153,8,7,7,10,9,8,8,8,8,8
4111,10,7,9,10,7,9,8,7,10,10
1595,9,6,6,7,6,4,6,6,7,10
1075,10,7,7,8,9,7,6,8,9,7
2336,8,7,7,7,7,10,8,10,9,9
1491,10,4,9,4,7,5,6,4,8,5
1033,7,6,7,7,6,9,6,7,7,7
1496,10,3,5,9,7,9,8,9,8,10
2433,8,7,10,10,8,7,9,9,8,8
2338,8,1,8,10,9,6,6,2,10,4
1540,10,8,10,9,8,10,6,9,7,9
3113,9,7,9,8,8,9,8,9,10,9
3145,9,6,8,8,6,8,7,7,7,7
118,10,2,10,4,8,3,6,3,8,5
1021,10,3,5,6,9,8,6,8,7,9
1087,8,8,10,8,9,10,6,8,7,10
2627,9,7,6,9,10,6,7,7,7,9
1336,8,9,7,6,10,8,6,6,7,10
2297,8,7,5,6,9,7,7,6,9,10
2622,7,7,6,10,6,6,7,6,8,7
3147,3,5,4,5,3,10,3,1,10,8
2296,10,7,6,6,8,7,6,6,9,10
2872,10,7,9,9,9,9,7,9,10,10
2258,10,7,7,9,7,7,7,7,7,9
2968,8,7,9,6,7,8,8,9,9,10
3735,9,7,9,9,10,9,8,8,9,9
3668,9,7,8,9,7,7,6,7,7,8
1930,10,7,8,8,9,9,7,9,8,10
3761,9,8,9,8,8,8,8,8,10,10
3149,8,6,10,8,8,9,9,8,10,8
1900,8,7,10,8,8,10,6,8,9,8
4051,10,10,10,10,10,10,10,10,10,10
1020,7,7,8,8,7,9,7,8,9,9
1264,9,6,6,8,10,9,7,7,9,8
466,7,6,7,10,5,9,6,6,8,8
3150,10,7,7,7,7,7,7,8,9,9
3152,9,8,10,7,7,7,7,7,7,8
1251,7,6,8,8,10,10,6,6,7,7
660,9,5,9,8,6,5,6,6,10,9
3791,8,7,10,10,7,9,6,7,10,7
2253,10,6,8,10,8,9,6,8,10,10
712,9,9,8,8,10,8,9,9,9,9
1385,9,5,8,7,6,5,3,5,7,10
851,10,8,6,9,4,4,6,6,6,6
865,8,5,9,8,4,6,6,4,9,9
1674,9,8,10,8,7,9,6,7,10,10
1220,9,9,9,10,10,9,9,9,10,10
311,10,9,4,3,8,3,6,9,8,8
3277,9,7,8,6,6,8,5,6,8,10
2048,9,7,10,10,10,10,7,6,10,10
1941,10,7,8,10,9,10,8,8,10,9
3374,9,6,7,8,7,6,6,8,7,8
3153,10,7,9,7,8,8,7,7,9,9
2254,10,7,8,9,8,8,8,9,10,9
3158,9,4,10,9,10,10,9,9,9,10
293,10,7,5,8,7,8,5,8,9,8
163,8,6,10,7,10,10,6,7,10,10
1767,10,8,8,6,10,10,6,6,7,8
1745,10,7,9,7,8,10,6,6,8,10
3168,9,2,8,7,9,7,7,4,5,8
3177,7,4,5,6,3,4,7,3,6,5
1371,6,3,7,5,2,5,5,5,2,8
592,8,7,10,10,9,10,6,9,7,8
3183,9,4,10,8,8,10,8,9,10,10
3210,8,4,7,10,10,10,10,7,10,9
3035,9,7,10,10,7,9,7,7,8,9
3211,8,5,4,9,4,8,5,3,5,8
3213,7,8,6,9,7,9,3,7,4,8
3230,6,4,6,6,8,7,7,6,8,8
3111,9,7,8,9,8,10,6,7,7,10
1105,10,9,6,9,8,8,6,6,7,9
3234,9,8,10,9,8,7,5,8,9,10
3235,10,8,10,10,9,10,10,10,9,10
2695,10,6,7,9,7,8,8,7,8,8
2710,8,6,8,8,7,7,7,8,9,10
3449,8,6,5,8,10,7,6,8,7,8
3191,7,6,10,10,4,8,4,4,9,8
3096,8,6,8,9,7,10,4,5,4,6
717,7,6,5,9,10,5,6,10,6,9
3266,7,5,6,7,8,6,6,6,10,9
2453,9,8,10,8,9,9,9,9,9,8
32,8,6,7,7,6,8,9,9,7,7
3302,7,1,6,7,8,6,5,6,10,8
2188,10,8,7,8,9,10,7,7,9,9
65,9,6,8,9,8,8,9,9,9,8
3303,10,1,10,9,9,9,6,7,7,9
265,9,8,8,6,10,10,6,6,7,8
1113,7,3,10,9,7,7,6,7,8,6
932,9,8,9,9,8,9,6,9,10,9
1373,8,6,9,8,8,7,6,6,7,7
1013,10,9,8,10,9,10,10,10,9,10
3304,10,6,10,10,10,10,10,10,10,10
3983,7,6,9,7,7,10,7,8,7,10
3476,7,5,9,7,6,8,6,8,7,8
1751,9,6,7,9,9,9,6,7,8,9
1478,7,8,8,9,9,8,6,7,9,10
3976,8,6,7,9,5,10,5,8,7,10
3159,8,6,6,7,10,6,6,8,10,10
3305,10,6,10,10,10,10,10,10,10,10
3310,9,7,9,9,10,10,9,9,10,10
3311,7,3,9,8,8,10,7,7,8,10
1537,10,5,9,7,10,10,6,7,6,8
1821,8,6,8,8,6,8,6,8,8,10
3541,10,3,7,9,9,8,6,10,7,10
3316,9,7,10,9,9,9,8,9,9,10
3060,7,6,9,10,8,5,3,4,7,9
3320,10,5,7,7,9,10,7,7,7,8
3694,9,6,8,6,7,10,7,7,7,8
3325,10,5,9,8,9,8,9,8,10,10
1252,7,3,6,9,5,5,6,8,7,7
1704,10,8,6,6,10,9,6,9,9,10
100,7,3,9,6,5,8,3,9,9,8
655,3,5,3,3,4,1,6,1,10,3
2415,9,6,8,9,4,9,6,6,7,7
2504,9,6,7,8,8,7,8,8,9,10
3327,10,7,10,9,10,9,9,9,10,10
14,9,9,9,8,9,8,8,9,9,9
3328,3,1,2,2,7,1,5,2,3,3
2464,8,6,9,7,9,7,4,8,5,9
2428,8,6,10,8,7,7,5,7,10,9
1019,9,5,5,7,5,6,6,7,7,9
1820,7,7,6,8,6,7,5,6,6,7
3332,8,3,7,7,9,10,8,7,7,8
2835,7,6,6,9,8,8,6,6,7,8
2230,9,6,9,9,10,5,4,5,5,10
3334,8,1,7,9,6,6,8,6,8,7
2625,7,6,4,8,5,6,3,2,9,5
3218,9,6,3,8,8,10,6,7,6,5
1792,9,1,6,10,10,9,6,8,5,6
3342,10,7,10,9,10,9,9,9,10,10
2824,9,6,10,9,8,8,7,8,9,10
173,8,3,9,8,2,10,6,5,7,8
3340,9,8,9,10,8,10,7,7,9,8
282,9,5,6,9,6,6,6,7,9,8
3344,9,3,9,9,8,10,8,9,9,10
3370,10,2,8,10,10,10,9,9,10,9
4086,10,6,8,9,9,10,9,7,8,10
2007,10,6,10,10,7,9,7,10,8,9
3204,9,6,6,8,6,8,5,5,7,10
3533,8,6,10,7,7,8,6,9,8,10
3720,10,6,10,8,9,10,9,10,10,10
4067,10,6,7,8,7,9,7,7,8,9
3160,9,6,7,9,7,8,8,9,9,9
3219,10,6,9,8,7,8,8,10,9,9
2448,6,6,4,5,9,3,3,4,10,5
3377,10,5,10,9,9,10,9,8,9,10
3756,9,6,7,8,7,8,7,7,8,8
2707,6,6,5,6,4,7,5,6,10,8
3804,6,6,5,5,10,8,5,6,6,10
3226,7,6,6,7,6,8,7,8,8,9
2358,10,9,9,9,10,9,8,10,8,9
1970,9,6,8,8,7,7,8,9,8,8
2688,10,6,7,8,6,10,8,7,10,9
2210,9,6,10,9,10,9,8,7,8,9
3062,9,6,10,7,7,8,6,8,8,10
145,10,6,9,6,10,8,6,7,9,9
2608,10,6,7,8,7,10,7,8,7,8
3383,8,4,10,9,9,9,4,5,9,7
3382,7,7,7,7,7,6,6,6,7,8
1291,9,5,5,8,9,6,6,7,10,7
2840,7,6,7,10,8,8,8,6,10,10
2855,9,6,6,6,7,6,7,6,8,8
3384,9,1,7,9,8,10,6,7,10,8
342,8,5,8,7,6,6,6,6,9,10
338,9,8,10,10,6,8,6,6,6,10
3386,10,5,9,8,10,8,9,9,10,10
64,7,6,7,7,6,9,5,5,8,7
1170,9,5,8,8,7,6,6,7,8,7
711,5,3,1,5,2,7,1,10,7,9
3389,5,1,7,5,6,3,4,3,9,8
364,6,4,8,10,10,9,6,5,9,7
2182,10,6,8,10,9,10,8,7,8,10
3391,10,4,9,9,9,9,8,9,9,10
2067,7,6,7,8,9,7,7,9,7,9
1834,7,6,5,8,10,5,7,5,8,7
4034,8,6,8,7,10,8,8,9,10,9
3966,7,6,9,10,9,10,6,6,10,10
2134,7,6,9,7,6,8,8,6,10,9
1482,10,1,7,5,2,6,5,4,2,5
3396,8,1,7,6,7,7,8,8,9,7
2152,9,7,9,7,9,7,6,7,7,9
2202,8,3,8,7,6,6,4,6,7,6
497,10,7,7,8,10,6,7,6,9,7
1837,8,6,10,6,8,7,9,7,10,9
3397,10,1,10,10,10,10,10,10,10,10
2009,8,4,7,7,6,9,7,8,7,8
4090,10,6,7,9,9,9,7,6,10,10
3404,10,1,8,9,10,8,7,8,9,9
1659,10,5,9,9,10,9,5,8,8,8
2893,7,6,10,9,9,5,4,7,10,9
3406,10,5,6,6,8,9,6,6,7,9
2467,9,6,8,9,9,9,8,7,10,9
2959,10,7,8,10,9,9,7,8,10,9
677,8,1,6,6,6,10,5,4,2,9
359,6,4,5,4,4,10,5,4,7,6
2901,7,6,1,5,6,10,6,2,5,3
2976,9,6,7,7,10,7,7,8,7,8
2211,9,6,8,7,10,8,7,8,8,10
2587,10,6,7,9,8,7,7,9,10,9
2399,9,6,8,9,8,8,6,8,10,7
1044,8,7,7,10,8,10,9,9,8,8
1992,10,6,7,7,7,7,7,7,10,9
654,9,1,6,4,9,4,5,3,7,8
2678,8,6,8,8,8,9,8,9,7,10
899,10,6,7,10,9,4,5,5,6,9
2601,9,5,9,9,10,8,5,7,9,10
1314,7,4,9,10,5,6,5,5,8,8
3407,6,1,7,7,4,6,6,5,5,8
1774,8,6,8,6,10,8,5,6,8,10
2509,9,6,8,9,9,7,8,9,9,9
4014,9,8,9,9,9,8,9,8,9,10
3099,8,6,8,7,9,9,8,9,8,8
2372,10,7,10,8,7,8,6,8,10,9
443,10,5,8,6,10,6,5,5,9,6
2505,9,6,7,7,6,9,7,9,10,8
607,7,3,6,6,4,5,5,4,7,8
255,4,2,2,5,7,6,5,2,2,3
1475,7,6,8,5,5,7,5,6,7,9
3414,7,5,10,8,8,7,6,7,10,10
328,10,8,7,7,7,10,5,5,7,10
2548,7,6,4,5,5,4,8,6,10,8
1278,9,6,5,6,5,10,5,6,8,7
3420,10,7,9,8,8,8,9,8,10,9
1367,7,4,9,6,6,5,5,5,9,10
4109,10,10,10,10,10,10,10,10,10,10
3171,10,6,9,8,9,9,6,9,7,9
525,8,5,8,10,8,7,5,9,9,10
3622,10,6,9,7,6,9,6,8,8,10
1155,10,7,7,7,10,7,5,6,6,8
506,9,5,5,10,9,8,5,6,8,10
134,7,5,7,9,6,9,5,7,7,10
116,7,5,8,7,6,6,5,7,6,9
1730,8,8,9,6,6,8,5,7,7,10
3475,9,4,10,10,8,10,7,9,9,9
3282,8,6,4,10,9,5,5,6,9,8
610,8,5,8,9,7,9,5,8,6,7
1192,8,4,9,7,10,5,5,7,9,10
1207,8,8,8,7,10,9,7,7,7,10
1408,8,1,5,10,7,3,5,5,9,5
2391,10,6,10,9,10,8,7,8,9,9
3123,8,6,8,10,10,8,6,7,8,8
3478,9,3,9,6,6,4,5,4,9,6
3494,9,5,8,9,10,8,8,8,9,10
3179,9,6,8,7,8,9,10,7,7,10
285,10,3,9,7,7,9,5,8,4,5
291,7,7,7,10,9,9,5,8,8,6
3792,8,6,8,10,10,8,9,10,8,9
2408,7,5,5,9,8,6,5,6,8,4
3767,9,6,9,7,8,9,9,8,9,10
554,10,8,7,6,7,10,5,8,9,9
738,7,7,7,7,10,6,5,5,7,10
1983,8,6,8,8,9,9,6,8,7,7
304,6,5,7,5,6,8,5,8,7,6
2371,9,6,10,10,6,6,8,9,7,10
1603,10,7,6,6,5,9,6,6,9,8
2366,8,6,8,7,9,10,8,8,8,8
1896,8,6,8,10,8,9,6,8,9,10
1936,9,6,7,7,8,9,8,7,10,8
3709,10,3,6,8,7,7,6,6,9,7
2881,10,9,10,10,10,9,9,10,10,10
1202,7,6,6,10,8,5,5,6,5,10
103,6,5,5,10,8,5,5,8,10,9
1790,10,6,5,5,10,5,5,5,8,10
3086,10,6,7,6,9,9,6,6,7,10
3714,8,6,6,10,6,7,8,7,10,7
3024,7,6,10,6,2,9,2,3,7,8
1053,10,5,10,7,10,7,5,7,7,9
1122,6,8,10,8,9,9,5,7,9,8
736,5,1,3,7,6,7,6,5,9,10
3641,5,6,6,10,4,3,6,6,4,9
3812,8,6,6,8,7,8,7,9,9,8
1350,10,3,10,8,8,9,5,4,9,10
508,8,5,7,7,9,8,5,7,10,7
3954,6,6,8,5,10,6,4,8,10,7
3949,8,7,10,7,9,7,8,8,10,8
2669,10,6,7,9,8,7,8,8,7,10
4096,8,3,3,4,3,7,5,5,7,10
1573,10,4,9,9,5,8,5,5,8,7
1756,10,5,5,6,8,10,5,5,7,9
3151,10,6,8,8,8,9,6,7,10,10
1010,7,4,8,5,7,10,5,6,9,6
861,8,6,7,7,9,7,5,7,9,10
499,6,3,2,8,6,4,3,2,7,7
647,7,1,5,4,9,5,5,6,7,5
2461,9,10,10,9,9,10,9,10,9,10
925,7,4,8,10,8,5,5,5,10,8
3571,8,7,9,8,8,10,8,8,8,8
2954,6,6,10,9,9,5,3,6,5,9
1889,9,6,10,7,10,8,7,7,8,9
3496,9,3,10,9,9,10,9,9,9,9
875,7,6,7,9,9,5,5,6,8,10
477,8,5,5,9,9,5,5,10,7,8
2838,9,7,7,9,7,8,7,7,10,8
2949,6,1,9,10,4,6,5,7,8,7
1222,10,2,3,8,5,5,5,2,7,8
2247,10,6,6,6,8,8,6,3,7,4
3499,9,1,7,7,9,9,7,9,9,9
3504,10,5,8,10,10,9,9,8,10,9
2553,8,6,7,9,7,6,5,7,6,7
3508,7,1,7,7,8,8,4,8,9,6
3509,7,1,7,10,9,5,5,8,6,7
3115,8,5,4,8,5,10,7,8,5,8
2377,9,5,7,6,8,5,7,6,6,7
2390,7,5,4,4,8,5,2,4,8,4
2756,10,9,10,10,10,10,10,10,10,10
3511,9,3,8,10,8,10,9,5,9,10
1899,9,5,9,9,7,9,7,6,6,7
57,8,5,8,6,6,5,6,8,7,9
3545,7,5,8,10,8,7,4,8,8,7
2920,8,5,10,9,6,7,6,6,10,8
381,8,6,5,8,6,6,5,7,9,8
2708,9,5,7,10,4,7,8,8,7,7
3065,8,5,10,10,5,7,7,6,7,8
3010,7,5,6,7,8,8,7,6,8,8
3023,9,5,4,10,3,5,7,5,6,8
750,9,3,4,8,10,8,5,6,10,7
2836,8,5,8,9,7,6,7,5,6,8
791,8,5,6,6,6,5,5,5,7,7
3118,4,4,3,6,8,5,4,5,4,9
1169,8,4,5,6,7,6,5,6,6,10
355,7,6,7,6,9,9,5,6,6,7
2749,9,5,10,7,8,8,8,7,10,8
2450,7,5,10,10,7,6,6,7,8,8
1753,10,7,5,7,8,5,5,8,9,8
3584,8,5,5,8,8,7,5,7,10,6
2041,8,5,7,6,8,10,9,8,10,9
3581,9,5,7,6,8,7,7,7,7,10
1038,8,5,10,8,6,10,5,8,9,7
517,9,1,10,4,8,4,5,4,8,9
1147,9,6,7,6,10,5,5,6,6,8
59,6,5,7,7,7,5,6,9,5,7
1875,8,5,6,9,7,9,8,6,9,10
2394,9,5,7,9,6,10,7,6,10,10
2312,8,5,7,7,9,7,7,8,10,9
2416,9,5,6,6,6,8,5,6,9,8
9,9,5,7,7,7,7,9,7,7,9
1189,4,4,8,8,4,10,5,1,4,8
3512,8,1,10,9,10,7,7,7,9,10
4025,8,5,5,5,10,5,4,6,6,10
2337,9,8,9,10,9,10,9,9,10,9
3519,9,3,8,10,10,10,8,9,10,10
2103,6,5,10,2,7,3,3,2,6,5
2685,8,5,6,9,10,8,7,7,7,8
866,5,3,5,3,9,10,5,9,4,5
1393,10,10,10,10,10,10,10,10,10,10
3628,10,5,10,10,6,6,7,7,9,8
3192,8,5,7,10,7,9,7,7,9,8
3587,7,5,9,8,7,7,8,6,9,9
3520,7,1,6,10,6,9,5,6,10,8
3522,9,5,9,8,10,10,8,8,8,9
966,8,6,5,9,4,6,1,4,7,6
390,7,4,8,6,7,10,5,6,8,10
164,7,5,6,10,10,9,5,7,9,7
3524,8,1,9,10,10,7,8,8,9,9
2545,10,5,9,6,8,7,6,6,9,6
3525,10,1,7,9,7,8,8,7,9,9
3527,10,3,9,9,9,10,8,8,10,9
2146,8,5,6,7,8,8,5,7,6,9
2862,7,5,10,8,7,9,8,6,7,7
3531,8,1,7,5,7,6,7,8,6,7
3570,10,6,9,9,9,10,6,9,7,8
3579,10,9,9,9,9,9,8,8,9,10
1830,10,2,6,5,8,7,4,5,5,9
1910,7,8,8,8,5,8,8,5,10,9
3582,10,7,9,9,8,9,7,8,10,9
3592,9,6,8,10,10,9,6,8,9,9
953,9,5,4,7,7,8,5,9,9,6
2396,8,5,6,8,7,9,8,6,8,7
2490,7,5,9,4,6,10,1,3,4,3
977,8,6,5,6,3,7,5,7,7,8
374,10,4,6,9,7,7,5,5,9,7
2874,10,10,10,10,10,10,10,10,10,10
3595,8,7,7,10,8,9,6,7,10,9
3596,8,8,9,9,8,10,8,9,9,10
3600,9,8,8,10,10,10,9,8,9,10
209,10,2,4,5,8,7,5,8,7,9
3602,8,4,7,9,8,7,8,6,10,8
3605,9,6,7,9,7,6,5,9,10,8
3608,7,5,6,9,10,7,8,6,10,9
89,9,3,5,4,6,6,5,6,4,5
3611,9,5,10,8,7,8,6,6,9,10
3612,8,6,9,8,7,10,9,8,9,9
300,10,5,10,10,6,10,5,6,9,8
3614,9,7,7,8,9,7,8,7,8,8
3617,9,4,8,9,8,8,8,8,9,9
1917,7,5,9,9,8,7,6,7,8,8
3618,9,8,10,9,9,8,8,9,10,9
1816,10,5,6,8,6,8,6,4,6,10
3619,10,8,10,10,10,10,10,10,10,10
3652,8,8,9,8,7,8,10,7,9,9
3662,8,8,8,8,9,9,8,8,9,9
489,9,4,5,7,10,10,5,8,7,8
76,10,7,9,7,8,10,5,8,9,9
3667,10,8,8,8,8,10,9,9,10,9
3670,7,8,10,10,7,10,9,9,9,9
2198,9,9,10,9,9,9,9,9,10,10
3673,10,5,9,9,10,6,7,6,7,10
99,8,2,5,6,10,8,5,5,4,8
3674,8,5,8,9,7,7,6,6,7,10
1235,6,4,10,4,3,5,5,9,7,10
3675,9,4,9,9,10,10,8,9,9,10
1217,7,6,6,9,10,9,7,6,7,10
3686,8,5,6,9,10,7,8,6,8,8
3754,10,5,7,7,9,7,6,8,8,9
3687,9,4,8,10,10,7,7,7,10,8
3689,8,8,8,9,7,7,7,7,10,9
2492,8,5,6,8,7,9,7,6,9,7
3700,7,4,8,10,10,6,5,4,5,5
3701,9,4,10,10,10,9,9,9,10,9
3704,8,6,10,6,8,10,6,7,10,6
841,10,8,9,8,9,10,8,7,10,10
3707,9,2,4,7,6,5,6,6,8,9
1598,8,8,8,7,9,6,5,8,6,8
3591,8,7,10,7,7,9,8,8,8,10
3708,10,8,10,10,10,9,8,10,10,10
3725,9,5,7,10,7,10,7,7,8,10
3699,10,8,7,8,8,10,8,7,9,8
3762,7,5,10,7,8,8,7,7,9,8
2260,7,5,5,8,10,10,4,10,8,8
4080,10,9,8,8,10,7,7,10,10,10
1622,9,4,10,10,10,8,5,6,6,9
3764,10,9,10,10,10,9,9,9,10,10
3766,9,8,10,10,9,8,9,10,9,10
684,9,1,4,8,5,1,5,4,8,9
386,6,4,8,4,2,4,4,5,5,7
330,10,8,10,8,10,10,8,8,10,10
2209,9,5,9,8,9,7,7,7,10,7
3768,8,6,10,10,7,8,6,7,10,9
3769,6,2,1,1,5,7,4,3,6,10
3771,8,4,8,8,7,10,7,9,9,9
3050,8,5,8,7,10,8,6,6,10,8
1135,9,4,6,9,4,2,4,8,7,9
3772,9,4,8,9,10,10,8,8,8,8
1518,10,9,10,9,10,10,9,9,9,10
1853,9,5,6,10,5,9,5,5,8,7
3773,10,7,8,8,8,8,8,8,8,9
617,7,4,6,10,10,8,5,6,7,8
3776,9,6,7,10,7,10,9,9,8,8
3778,10,4,8,8,10,10,7,8,8,10
2491,7,5,9,10,9,8,6,9,10,10
1529,10,4,10,8,6,8,4,6,9,10
1955,10,9,9,10,9,10,9,10,10,10
3780,10,8,10,10,9,9,10,10,10,10
3781,10,8,10,10,10,10,9,10,10,10
3787,7,7,7,7,7,7,7,7,7,7
2908,9,5,8,5,8,6,9,8,7,9
2266,7,8,5,8,9,5,5,7,9,10
3790,10,4,10,9,10,9,8,9,9,10
1156,9,2,5,7,4,4,4,5,9,5
3793,9,8,9,8,9,8,9,8,8,10
3816,10,8,10,10,10,10,10,10,10,10
2431,6,5,6,5,7,10,6,5,7,9
3819,10,8,9,7,8,9,7,7,10,8
2015,9,7,7,7,10,8,8,7,8,10
3265,8,5,7,9,5,5,4,8,9,10
3824,10,4,10,8,10,10,8,8,8,8
2021,8,5,8,8,10,5,6,8,10,6
733,10,7,10,7,9,4,5,6,7,10
194,10,6,7,5,9,9,4,6,7,10
360,10,4,2,6,6,2,4,4,8,5
3847,10,8,10,10,10,10,10,10,10,10
434,9,1,7,9,3,8,4,1,7,6
582,9,7,9,8,5,10,4,5,6,9
3413,7,2,7,8,10,6,2,7,8,7
1006,10,8,10,5,5,10,4,5,6,7
2896,10,5,4,9,9,9,6,6,5,10
3848,10,5,6,6,10,9,6,7,6,10
149,6,4,7,9,9,7,4,6,6,7
580,9,4,7,6,7,9,4,7,6,9
2748,6,5,4,6,10,4,7,8,7,6
2096,10,5,7,8,8,7,7,8,7,7
1236,5,3,6,5,4,10,4,3,6,7
3850,9,5,10,8,9,9,7,7,9,10
3851,9,9,8,8,8,9,8,9,9,10
3852,10,6,7,8,7,10,8,7,10,10
999,10,8,7,7,7,10,8,9,10,10
3853,7,5,8,5,8,8,5,5,7,10
3855,7,5,5,9,6,10,7,5,8,9
3856,9,5,10,8,9,8,8,9,10,9
3857,10,6,10,8,8,8,9,9,9,10
424,8,1,8,4,1,8,4,2,7,4
3542,10,9,8,9,8,9,9,10,9,9
3860,9,7,9,8,7,8,9,6,10,8
2951,8,5,10,6,9,10,5,10,7,9
2109,7,3,7,9,8,10,4,5,5,6
3863,8,7,9,10,8,8,8,7,10,8
3864,10,8,10,10,9,9,10,10,9,10
3276,10,5,10,8,7,8,8,6,7,9
3280,8,5,9,7,9,9,7,9,8,10
878,7,6,9,7,7,7,4,7,5,8
3801,10,5,7,8,6,10,5,7,8,9
3866,10,8,10,9,9,9,10,10,10,10
1743,9,5,6,6,8,7,4,7,10,9
3326,6,7,6,4,9,10,4,4,5,8
3869,10,4,3,10,8,7,3,6,9,6
1065,9,1,5,4,3,8,4,5,7,7
1626,8,5,8,9,9,10,4,8,6,8
433,8,5,4,5,6,6,4,5,7,6
2929,9,5,8,6,8,7,7,7,9,8
1832,10,5,7,8,9,10,9,7,8,10
2018,6,5,6,7,9,4,5,5,9,8
3870,9,7,10,10,10,8,8,8,10,8
3409,9,5,9,6,10,6,8,9,7,8
1174,5,2,9,4,8,8,4,5,8,7
3871,10,7,7,8,8,7,7,9,8,9
3872,9,6,9,8,9,9,6,7,7,7
1569,8,5,10,9,6,6,4,9,5,9
3873,9,6,6,7,8,7,7,8,10,10
2600,10,5,7,8,10,10,8,10,10,9
483,9,1,3,5,10,6,4,6,2,8
2975,10,5,9,8,6,10,7,8,8,7
3876,9,9,10,10,9,10,9,9,10,10
4094,6,1,10,10,10,7,4,8,6,10
3879,9,6,8,9,9,10,8,10,10,10
1951,5,5,7,5,10,4,2,3,8,10
3880,10,5,8,7,7,7,6,7,7,10
2640,8,1,2,7,9,2,3,4,6,8
3881,9,5,6,8,10,8,5,7,9,8
203,4,4,6,3,8,5,4,4,3,9
2101,6,4,5,8,7,7,4,7,6,9
1300,7,3,3,10,3,8,4,4,6,6
253,3,5,9,8,8,3,4,1,8,2
3883,8,5,9,9,8,8,7,9,10,9
3886,9,7,8,9,6,6,8,8,9,8
94,7,5,8,10,6,8,4,7,10,5
1229,9,3,6,5,5,9,4,6,10,6
1158,7,5,8,7,6,5,6,5,5,7
227,9,4,2,7,8,4,4,8,3,6
685,10,5,5,6,9,10,5,6,7,9
2898,10,4,7,6,5,9,6,6,10,8
3887,9,4,5,5,9,6,6,6,7,8
136,5,4,5,9,6,10,4,3,10,8
2516,9,4,10,10,7,7,4,5,7,10
1356,7,5,8,5,6,9,4,7,9,9
3888,9,9,9,9,10,10,8,10,10,10
3184,10,6,9,6,7,9,8,6,9,10
1237,8,4,8,7,10,7,4,5,9,7
1570,9,4,2,3,6,8,4,7,6,10
3889,9,8,9,9,6,6,8,8,7,10
721,7,3,5,4,7,7,4,4,7,7
1255,7,5,8,10,10,3,4,4,7,6
278,7,4,4,4,3,10,4,7,3,10
3890,9,8,9,7,7,8,6,7,10,7
2672,5,4,10,7,6,6,4,3,7,10
3892,10,7,9,8,9,10,9,9,8,8
3895,7,4,10,10,9,10,9,6,8,9
3593,6,4,5,8,10,7,7,6,7,7
3896,7,5,9,8,8,8,6,8,8,7
1754,9,7,3,9,9,5,4,6,7,5
1523,10,7,9,8,7,8,6,9,10,10
2035,8,4,6,10,8,5,7,9,9,7
2500,6,4,5,7,4,6,6,7,5,7
2744,6,4,4,5,5,5,6,6,5,8
3897,10,5,9,10,8,10,8,9,7,9
1216,2,3,1,6,2,2,3,3,9,3
2817,10,4,10,7,7,5,7,5,10,9
2757,8,8,8,8,8,8,8,8,8,8
2157,9,4,7,5,8,9,6,8,6,9
3898,8,6,9,7,7,9,8,8,8,10
2305,8,4,6,5,8,5,8,5,8,7
959,6,2,2,1,6,2,3,3,2,8
1783,9,9,7,10,10,7,9,8,9,9
2422,9,7,7,6,8,6,7,9,9,8
351,7,5,5,8,3,10,3,5,7,9
1364,8,6,5,9,8,8,3,7,5,9
1929,8,4,5,5,10,7,5,7,10,8
1725,10,9,10,9,9,10,10,10,10,10
3899,8,8,10,9,9,8,6,10,9,10
3904,6,8,10,7,4,8,5,5,6,6
1190,10,3,10,10,9,4,3,7,8,6
3906,9,3,6,9,6,8,4,1,7,8
2229,9,4,9,7,6,10,9,9,6,7
1154,8,6,10,7,5,7,3,7,10,10
1635,9,5,8,4,5,6,6,7,8,6
782,9,9,8,9,10,9,9,10,8,9
3908,10,3,8,10,9,6,4,7,10,10
1817,9,5,5,8,8,10,5,5,9,6
3910,9,5,10,9,8,8,7,9,9,10
3912,9,4,8,7,9,10,8,8,9,10
661,7,6,10,10,5,8,7,5,6,7
1575,9,7,9,8,8,9,8,10,10,10
3917,8,8,8,8,7,8,7,10,10,10
2164,9,1,5,10,7,5,4,5,7,9
3919,9,6,6,10,7,7,7,7,9,8
3921,10,5,9,9,10,8,9,7,8,8
3923,9,3,7,3,10,10,3,7,10,4
2220,7,4,5,7,10,5,5,5,10,9
2079,10,4,9,9,6,5,8,9,8,7
2190,7,4,8,10,6,6,9,8,10,7
3928,9,2,6,9,9,7,4,6,10,9
431,10,8,7,9,10,7,8,8,8,9
1372,8,7,6,8,10,4,3,2,3,6
233,6,3,4,7,7,8,3,5,7,10
4098,4,7,8,7,1,3,3,8,5,9
551,5,1,8,7,7,9,3,6,3,4
3166,9,4,9,6,7,10,6,9,7,8
568,8,1,3,5,8,6,3,4,4,8
2370,7,4,6,6,6,6,6,6,6,6
3929,8,4,6,10,6,6,7,8,10,7
3934,7,6,10,8,7,7,7,8,9,8
3937,10,7,10,10,8,8,8,8,8,9
2641,9,4,10,10,9,7,7,8,9,8
3255,6,4,7,10,10,1,5,2,4,8
3940,6,5,8,6,4,8,5,5,8,5
2963,10,4,7,7,9,7,6,9,7,10
2473,7,4,6,1,10,9,5,6,8,6
105,5,5,4,6,7,10,3,6,6,7
3826,8,4,6,9,8,6,7,5,6,10
2895,8,4,7,9,6,5,8,5,8,10
3942,10,8,9,10,9,8,8,8,9,10
354,9,5,2,6,4,4,3,7,7,10
2486,9,3,6,10,6,4,3,6,2,3
1924,10,4,10,5,5,5,4,8,9,7
1316,8,8,9,6,4,9,3,5,10,10
3339,9,9,10,9,8,7,7,8,6,9
3959,9,6,9,5,7,6,7,7,7,7
3961,10,6,10,9,10,9,8,9,10,10
718,4,2,8,6,8,6,3,6,9,7
1593,10,3,6,2,7,1,3,3,4,3
1879,7,4,7,10,8,9,5,8,10,7
2747,10,4,9,6,10,6,5,8,8,7
1868,10,4,8,4,6,7,6,7,6,6
2400,8,4,9,7,7,9,7,6,10,9
128,9,3,3,8,3,8,3,8,10,7
1471,10,3,4,7,8,9,3,8,5,7
2613,6,4,5,5,5,5,5,6,9,8
1681,9,6,8,4,7,4,3,4,10,4
357,6,8,8,9,7,6,3,9,5,10
3968,10,6,9,9,9,10,8,9,10,10
2822,7,7,7,10,9,10,6,7,6,10
3969,10,4,9,8,10,10,7,8,9,10
3031,8,4,10,4,4,6,8,8,5,8
1000,7,3,8,8,8,3,3,4,9,5
1281,5,5,3,8,7,5,3,8,7,5
2169,8,4,9,7,6,9,8,6,6,8
3972,10,4,8,10,10,9,8,8,8,10
3989,10,8,10,9,8,10,7,8,9,9
2131,10,4,8,8,6,8,7,7,7,8
1275,6,2,7,10,5,5,3,4,9,6
1050,8,6,4,3,4,9,3,6,8,9
4004,8,5,10,7,8,10,6,7,9,8
2267,6,5,9,8,6,7,5,4,5,8
652,10,9,9,10,9,10,9,10,10,10
1552,8,2,9,4,2,8,3,4,9,3
1183,3,5,1,1,9,9,2,1,9,9
2727,6,5,9,6,9,7,6,5,6,7
1016,10,2,9,10,8,5,2,7,10,9
2984,8,4,10,5,10,10,6,6,9,8
4020,10,6,10,10,9,10,9,10,10,10
4029,10,5,6,5,6,10,7,4,6,10
1878,10,4,6,10,10,5,7,6,9,7
4031,8,6,4,8,10,9,9,10,10,6
4047,10,8,10,10,10,10,10,10,10,10
1435,7,1,3,7,3,5,2,2,6,5
1227,5,3,9,8,8,6,2,9,4,10
4059,10,8,8,10,8,9,9,9,10,10
2215,6,4,5,7,7,5,5,4,8,7
1589,7,5,3,3,4,5,2,6,7,7
2655,7,3,8,3,6,7,1,3,6,10
4068,10,9,10,10,9,9,9,9,9,10
1925,7,3,6,5,5,4,4,5,9,6
605,5,2,6,1,10,4,2,1,10,7
1571,8,6,3,7,5,3,2,3,10,7
1903,6,3,4,8,4,10,5,7,7,9
3822,10,9,10,10,10,10,10,10,10,10
1042,9,8,9,9,10,10,9,9,9,10
2674,4,3,5,5,2,6,3,1,7,2
896,7,1,3,10,8,7,2,3,10,7
2381,1,3,8,10,7,10,1,1,10,10
2514,7,3,3,3,7,3,7,3,10,9
1077,6,1,3,9,3,7,2,4,8,9
3103,10,8,4,4,9,7,7,9,6,8
4074,10,7,6,9,7,8,6,7,7,7
2683,7,3,7,4,5,8,7,5,9,7
3765,8,3,9,6,10,6,7,5,5,6
2472,9,3,8,9,10,7,7,6,8,10
2243,8,3,9,10,5,6,5,7,10,9
767,10,8,8,9,8,10,9,9,10,9
1262,7,4,7,5,6,8,2,5,5,10
1456,7,6,3,10,10,9,4,6,3,6
800,9,7,8,7,6,8,7,6,9,8
4077,9,8,9,7,8,10,7,9,8,8
4078,10,8,10,10,10,10,10,10,10,10
4079,9,7,9,8,9,9,8,8,8,9
1568,7,6,10,5,10,7,2,3,4,8
4102,9,5,10,7,8,9,8,8,9,10
1011,7,5,8,8,6,10,4,8,7,7
3335,9,4,3,5,3,8,2,4,6,10
1334,4,6,5,5,6,2,2,5,5,6
2628,3,3,3,5,5,9,1,6,10,4
3589,6,3,6,4,7,6,4,5,8,10
69,6,3,6,5,9,9,5,5,7,9
973,4,5,2,6,7,5,2,3,3,5
257,6,5,10,7,9,8,2,6,4,10
2991,10,9,10,10,8,10,9,8,8,9
1965,8,8,8,9,8,9,8,8,9,9
3656,8,5,9,8,4,4,2,3,6,6
2894,9,3,4,7,7,7,4,5,8,9
3993,8,8,8,8,8,8,8,8,8,8
1877,10,3,8,10,7,5,8,8,6,9
3366,9,9,7,7,10,8,8,7,8,8
421,5,3,3,1,4,1,2,4,6,4
2016,7,3,6,5,6,8,7,9,9,7
887,9,8,7,9,10,10,7,7,9,8
626,4,5,7,6,7,3,1,5,6,8
3807,9,3,8,10,10,10,4,7,6,10
2960,9,7,10,8,7,10,7,9,8,9
3452,8,3,7,5,9,7,5,7,10,6
2459,2,3,5,3,1,1,1,2,9,2
3045,9,5,6,7,6,9,7,7,8,10
2743,5,3,8,6,5,5,1,6,6,8
2249,7,3,9,9,8,8,4,6,8,5
1833,6,3,9,9,5,4,6,8,10,7
4039,10,7,9,8,9,10,8,8,9,9
3810,7,3,10,8,9,9,6,5,10,7
4010,4,3,10,5,4,2,3,4,7,7
2961,10,2,5,4,10,6,6,7,7,6
1112,10,3,8,5,9,9,1,8,8,5
3018,7,2,3,7,4,5,6,5,5,6
2483,9,2,5,10,7,6,3,4,10,8
2618,8,2,5,6,9,6,7,6,6,8
2522,6,2,7,3,9,9,3,6,10,10
559,4,2,4,3,8,8,1,2,5,5
3697,9,2,6,7,7,8,8,9,9,7
2666,6,2,8,6,4,9,5,5,10,6
2677,8,2,8,2,10,1,4,5,5,6
4103,8,7,8,9,9,7,6,7,9,9
58,8,2,7,3,5,5,4,5,1,7
24,7,2,7,5,5,3,3,7,7,6
299,3,2,6,3,5,4,1,3,1,7
1164,6,5,7,4,8,3,1,5,3,5
3395,7,5,5,3,5,2,1,7,8,7
2886,9,2,10,8,8,5,5,5,5,8
2698,6,2,8,4,7,10,8,4,8,8
2671,3,1,2,5,5,4,4,1,5,8
3197,10,9,10,10,10,10,9,10,10,10
2668,7,1,1,6,5,2,3,4,4,1
3283,1,1,1,3,10,3,3,1,8,5
2819,10,1,3,3,5,5,4,5,4,9
889,5,4,8,4,10,4,1,4,2,1
4006,10,10,10,10,10,10,10,10,10,10
2030,7,1,3,7,8,3,2,5,6,3
2676,7,1,9,2,2,3,3,3,9,2
1531,10,4,6,2,8,6,1,7,7,9
1735,1,1,1,1,1,1,1,1,1,1
2341,8,1,10,8,5,5,6,5,5,8
4009,10,1,2,6,2,2,2,2,3,5
